====================================================================================================
H1b AE-DENOISED RELEVANCE / LABEL EFFICIENCY — high-res 564b, ROI, k=24 (best-NL F1)
question: does denoised few-label relevance beat raw relevance AND full at a smaller budget?
====================================================================================================

### L4-high (clutter=3.3x36)
C:\Users\meloy\PycharmProjects\spectral-select\.venv\Lib\site-packages\sklearn\neural_network\_multilayer_perceptron.py:785: ConvergenceWarning: Stochastic Optimizer: Maximum iterations (250) reached and the optimization hasn't converged yet.
  warnings.warn(
C:\Users\meloy\PycharmProjects\spectral-select\.venv\Lib\site-packages\sklearn\neural_network\_multilayer_perceptron.py:785: ConvergenceWarning: Stochastic Optimizer: Maximum iterations (250) reached and the optimization hasn't converged yet.
  warnings.warn(
C:\Users\meloy\PycharmProjects\spectral-select\.venv\Lib\site-packages\sklearn\neural_network\_multilayer_perceptron.py:785: ConvergenceWarning: Stochastic Optimizer: Maximum iterations (250) reached and the optimization hasn't converged yet.
  warnings.warn(
C:\Users\meloy\PycharmProjects\spectral-select\.venv\Lib\site-packages\sklearn\neural_network\_multilayer_perceptron.py:785: ConvergenceWarning: Stochastic Optimizer: Maximum iterations (250) reached and the optimization hasn't converged yet.
  warnings.warn(
C:\Users\meloy\PycharmProjects\spectral-select\.venv\Lib\site-packages\sklearn\neural_network\_multilayer_perceptron.py:785: ConvergenceWarning: Stochastic Optimizer: Maximum iterations (250) reached and the optimization hasn't converged yet.
  warnings.warn(
C:\Users\meloy\PycharmProjects\spectral-select\.venv\Lib\site-packages\sklearn\neural_network\_multilayer_perceptron.py:785: ConvergenceWarning: Stochastic Optimizer: Maximum iterations (250) reached and the optimization hasn't converged yet.
  warnings.warn(
C:\Users\meloy\PycharmProjects\spectral-select\.venv\Lib\site-packages\sklearn\neural_network\_multilayer_perceptron.py:785: ConvergenceWarning: Stochastic Optimizer: Maximum iterations (250) reached and the optimization hasn't converged yet.
  warnings.warn(
C:\Users\meloy\PycharmProjects\spectral-select\.venv\Lib\site-packages\sklearn\neural_network\_multilayer_perceptron.py:785: ConvergenceWarning: Stochastic Optimizer: Maximum iterations (250) reached and the optimization hasn't converged yet.
  warnings.warn(
C:\Users\meloy\PycharmProjects\spectral-select\.venv\Lib\site-packages\sklearn\neural_network\_multilayer_perceptron.py:785: ConvergenceWarning: Stochastic Optimizer: Maximum iterations (250) reached and the optimization hasn't converged yet.
  warnings.warn(
C:\Users\meloy\PycharmProjects\spectral-select\.venv\Lib\site-packages\sklearn\neural_network\_multilayer_perceptron.py:785: ConvergenceWarning: Stochastic Optimizer: Maximum iterations (250) reached and the optimization hasn't converged yet.
  warnings.warn(
C:\Users\meloy\PycharmProjects\spectral-select\.venv\Lib\site-packages\sklearn\neural_network\_multilayer_perceptron.py:785: ConvergenceWarning: Stochastic Optimizer: Maximum iterations (250) reached and the optimization hasn't converged yet.
  warnings.warn(
C:\Users\meloy\PycharmProjects\spectral-select\.venv\Lib\site-packages\sklearn\neural_network\_multilayer_perceptron.py:785: ConvergenceWarning: Stochastic Optimizer: Maximum iterations (250) reached and the optimization hasn't converged yet.
  warnings.warn(
C:\Users\meloy\PycharmProjects\spectral-select\.venv\Lib\site-packages\sklearn\neural_network\_multilayer_perceptron.py:785: ConvergenceWarning: Stochastic Optimizer: Maximum iterations (250) reached and the optimization hasn't converged yet.
  warnings.warn(
C:\Users\meloy\PycharmProjects\spectral-select\.venv\Lib\site-packages\sklearn\neural_network\_multilayer_perceptron.py:785: ConvergenceWarning: Stochastic Optimizer: Maximum iterations (250) reached and the optimization hasn't converged yet.
  warnings.warn(
C:\Users\meloy\PycharmProjects\spectral-select\.venv\Lib\site-packages\sklearn\neural_network\_multilayer_perceptron.py:785: ConvergenceWarning: Stochastic Optimizer: Maximum iterations (250) reached and the optimization hasn't converged yet.
  warnings.warn(
C:\Users\meloy\PycharmProjects\spectral-select\.venv\Lib\site-packages\sklearn\neural_network\_multilayer_perceptron.py:785: ConvergenceWarning: Stochastic Optimizer: Maximum iterations (250) reached and the optimization hasn't converged yet.
  warnings.warn(
C:\Users\meloy\PycharmProjects\spectral-select\.venv\Lib\site-packages\sklearn\neural_network\_multilayer_perceptron.py:785: ConvergenceWarning: Stochastic Optimizer: Maximum iterations (250) reached and the optimization hasn't converged yet.
  warnings.warn(
C:\Users\meloy\PycharmProjects\spectral-select\.venv\Lib\site-packages\sklearn\neural_network\_multilayer_perceptron.py:785: ConvergenceWarning: Stochastic Optimizer: Maximum iterations (250) reached and the optimization hasn't converged yet.
  warnings.warn(
C:\Users\meloy\PycharmProjects\spectral-select\.venv\Lib\site-packages\sklearn\neural_network\_multilayer_perceptron.py:785: ConvergenceWarning: Stochastic Optimizer: Maximum iterations (250) reached and the optimization hasn't converged yet.
  warnings.warn(
C:\Users\meloy\PycharmProjects\spectral-select\.venv\Lib\site-packages\sklearn\neural_network\_multilayer_perceptron.py:785: ConvergenceWarning: Stochastic Optimizer: Maximum iterations (250) reached and the optimization hasn't converged yet.
  warnings.warn(
C:\Users\meloy\PycharmProjects\spectral-select\.venv\Lib\site-packages\sklearn\neural_network\_multilayer_perceptron.py:785: ConvergenceWarning: Stochastic Optimizer: Maximum iterations (250) reached and the optimization hasn't converged yet.
  warnings.warn(
C:\Users\meloy\PycharmProjects\spectral-select\.venv\Lib\site-packages\sklearn\neural_network\_multilayer_perceptron.py:785: ConvergenceWarning: Stochastic Optimizer: Maximum iterations (250) reached and the optimization hasn't converged yet.
  warnings.warn(
C:\Users\meloy\PycharmProjects\spectral-select\.venv\Lib\site-packages\sklearn\neural_network\_multilayer_perceptron.py:785: ConvergenceWarning: Stochastic Optimizer: Maximum iterations (250) reached and the optimization hasn't converged yet.
  warnings.warn(
C:\Users\meloy\PycharmProjects\spectral-select\.venv\Lib\site-packages\sklearn\neural_network\_multilayer_perceptron.py:785: ConvergenceWarning: Stochastic Optimizer: Maximum iterations (250) reached and the optimization hasn't converged yet.
  warnings.warn(
C:\Users\meloy\PycharmProjects\spectral-select\.venv\Lib\site-packages\sklearn\neural_network\_multilayer_perceptron.py:785: ConvergenceWarning: Stochastic Optimizer: Maximum iterations (250) reached and the optimization hasn't converged yet.
  warnings.warn(
C:\Users\meloy\PycharmProjects\spectral-select\.venv\Lib\site-packages\sklearn\neural_network\_multilayer_perceptron.py:785: ConvergenceWarning: Stochastic Optimizer: Maximum iterations (250) reached and the optimization hasn't converged yet.
  warnings.warn(
C:\Users\meloy\PycharmProjects\spectral-select\.venv\Lib\site-packages\sklearn\neural_network\_multilayer_perceptron.py:785: ConvergenceWarning: Stochastic Optimizer: Maximum iterations (250) reached and the optimization hasn't converged yet.
  warnings.warn(
C:\Users\meloy\PycharmProjects\spectral-select\.venv\Lib\site-packages\sklearn\neural_network\_multilayer_perceptron.py:785: ConvergenceWarning: Stochastic Optimizer: Maximum iterations (250) reached and the optimization hasn't converged yet.
  warnings.warn(
C:\Users\meloy\PycharmProjects\spectral-select\.venv\Lib\site-packages\sklearn\neural_network\_multilayer_perceptron.py:785: ConvergenceWarning: Stochastic Optimizer: Maximum iterations (250) reached and the optimization hasn't converged yet.
  warnings.warn(
C:\Users\meloy\PycharmProjects\spectral-select\.venv\Lib\site-packages\sklearn\neural_network\_multilayer_perceptron.py:785: ConvergenceWarning: Stochastic Optimizer: Maximum iterations (250) reached and the optimization hasn't converged yet.
  warnings.warn(
C:\Users\meloy\PycharmProjects\spectral-select\.venv\Lib\site-packages\sklearn\neural_network\_multilayer_perceptron.py:785: ConvergenceWarning: Stochastic Optimizer: Maximum iterations (250) reached and the optimization hasn't converged yet.
  warnings.warn(
C:\Users\meloy\PycharmProjects\spectral-select\.venv\Lib\site-packages\sklearn\neural_network\_multilayer_perceptron.py:785: ConvergenceWarning: Stochastic Optimizer: Maximum iterations (250) reached and the optimization hasn't converged yet.
  warnings.warn(
C:\Users\meloy\PycharmProjects\spectral-select\.venv\Lib\site-packages\sklearn\neural_network\_multilayer_perceptron.py:785: ConvergenceWarning: Stochastic Optimizer: Maximum iterations (250) reached and the optimization hasn't converged yet.
  warnings.warn(
C:\Users\meloy\PycharmProjects\spectral-select\.venv\Lib\site-packages\sklearn\neural_network\_multilayer_perceptron.py:785: ConvergenceWarning: Stochastic Optimizer: Maximum iterations (250) reached and the optimization hasn't converged yet.
  warnings.warn(
C:\Users\meloy\PycharmProjects\spectral-select\.venv\Lib\site-packages\sklearn\neural_network\_multilayer_perceptron.py:785: ConvergenceWarning: Stochastic Optimizer: Maximum iterations (250) reached and the optimization hasn't converged yet.
  warnings.warn(
C:\Users\meloy\PycharmProjects\spectral-select\.venv\Lib\site-packages\sklearn\neural_network\_multilayer_perceptron.py:785: ConvergenceWarning: Stochastic Optimizer: Maximum iterations (250) reached and the optimization hasn't converged yet.
  warnings.warn(
C:\Users\meloy\PycharmProjects\spectral-select\.venv\Lib\site-packages\sklearn\neural_network\_multilayer_perceptron.py:785: ConvergenceWarning: Stochastic Optimizer: Maximum iterations (250) reached and the optimization hasn't converged yet.
  warnings.warn(
C:\Users\meloy\PycharmProjects\spectral-select\.venv\Lib\site-packages\sklearn\neural_network\_multilayer_perceptron.py:785: ConvergenceWarning: Stochastic Optimizer: Maximum iterations (250) reached and the optimization hasn't converged yet.
  warnings.warn(
C:\Users\meloy\PycharmProjects\spectral-select\.venv\Lib\site-packages\sklearn\neural_network\_multilayer_perceptron.py:785: ConvergenceWarning: Stochastic Optimizer: Maximum iterations (250) reached and the optimization hasn't converged yet.
  warnings.warn(
C:\Users\meloy\PycharmProjects\spectral-select\.venv\Lib\site-packages\sklearn\neural_network\_multilayer_perceptron.py:785: ConvergenceWarning: Stochastic Optimizer: Maximum iterations (250) reached and the optimization hasn't converged yet.
  warnings.warn(
C:\Users\meloy\PycharmProjects\spectral-select\.venv\Lib\site-packages\sklearn\neural_network\_multilayer_perceptron.py:785: ConvergenceWarning: Stochastic Optimizer: Maximum iterations (250) reached and the optimization hasn't converged yet.
  warnings.warn(
C:\Users\meloy\PycharmProjects\spectral-select\.venv\Lib\site-packages\sklearn\neural_network\_multilayer_perceptron.py:785: ConvergenceWarning: Stochastic Optimizer: Maximum iterations (250) reached and the optimization hasn't converged yet.
  warnings.warn(
C:\Users\meloy\PycharmProjects\spectral-select\.venv\Lib\site-packages\sklearn\neural_network\_multilayer_perceptron.py:785: ConvergenceWarning: Stochastic Optimizer: Maximum iterations (250) reached and the optimization hasn't converged yet.
  warnings.warn(
C:\Users\meloy\PycharmProjects\spectral-select\.venv\Lib\site-packages\sklearn\neural_network\_multilayer_perceptron.py:785: ConvergenceWarning: Stochastic Optimizer: Maximum iterations (250) reached and the optimization hasn't converged yet.
  warnings.warn(
C:\Users\meloy\PycharmProjects\spectral-select\.venv\Lib\site-packages\sklearn\neural_network\_multilayer_perceptron.py:785: ConvergenceWarning: Stochastic Optimizer: Maximum iterations (250) reached and the optimization hasn't converged yet.
  warnings.warn(
C:\Users\meloy\PycharmProjects\spectral-select\.venv\Lib\site-packages\sklearn\neural_network\_multilayer_perceptron.py:785: ConvergenceWarning: Stochastic Optimizer: Maximum iterations (250) reached and the optimization hasn't converged yet.
  warnings.warn(
C:\Users\meloy\PycharmProjects\spectral-select\.venv\Lib\site-packages\sklearn\neural_network\_multilayer_perceptron.py:785: ConvergenceWarning: Stochastic Optimizer: Maximum iterations (250) reached and the optimization hasn't converged yet.
  warnings.warn(
C:\Users\meloy\PycharmProjects\spectral-select\.venv\Lib\site-packages\sklearn\neural_network\_multilayer_perceptron.py:785: ConvergenceWarning: Stochastic Optimizer: Maximum iterations (250) reached and the optimization hasn't converged yet.
  warnings.warn(
C:\Users\meloy\PycharmProjects\spectral-select\.venv\Lib\site-packages\sklearn\neural_network\_multilayer_perceptron.py:785: ConvergenceWarning: Stochastic Optimizer: Maximum iterations (250) reached and the optimization hasn't converged yet.
  warnings.warn(
C:\Users\meloy\PycharmProjects\spectral-select\.venv\Lib\site-packages\sklearn\neural_network\_multilayer_perceptron.py:785: ConvergenceWarning: Stochastic Optimizer: Maximum iterations (250) reached and the optimization hasn't converged yet.
  warnings.warn(
C:\Users\meloy\PycharmProjects\spectral-select\.venv\Lib\site-packages\sklearn\neural_network\_multilayer_perceptron.py:785: ConvergenceWarning: Stochastic Optimizer: Maximum iterations (250) reached and the optimization hasn't converged yet.
  warnings.warn(
C:\Users\meloy\PycharmProjects\spectral-select\.venv\Lib\site-packages\sklearn\neural_network\_multilayer_perceptron.py:785: ConvergenceWarning: Stochastic Optimizer: Maximum iterations (250) reached and the optimization hasn't converged yet.
  warnings.warn(
C:\Users\meloy\PycharmProjects\spectral-select\.venv\Lib\site-packages\sklearn\neural_network\_multilayer_perceptron.py:785: ConvergenceWarning: Stochastic Optimizer: Maximum iterations (250) reached and the optimization hasn't converged yet.
  warnings.warn(
C:\Users\meloy\PycharmProjects\spectral-select\.venv\Lib\site-packages\sklearn\neural_network\_multilayer_perceptron.py:785: ConvergenceWarning: Stochastic Optimizer: Maximum iterations (250) reached and the optimization hasn't converged yet.
  warnings.warn(
C:\Users\meloy\PycharmProjects\spectral-select\.venv\Lib\site-packages\sklearn\neural_network\_multilayer_perceptron.py:785: ConvergenceWarning: Stochastic Optimizer: Maximum iterations (250) reached and the optimization hasn't converged yet.
  warnings.warn(
C:\Users\meloy\PycharmProjects\spectral-select\.venv\Lib\site-packages\sklearn\neural_network\_multilayer_perceptron.py:785: ConvergenceWarning: Stochastic Optimizer: Maximum iterations (250) reached and the optimization hasn't converged yet.
  warnings.warn(
  labels/class=  6: full=0.402  PCA=0.404  AE=0.413  fewF-raw=0.407  fewF-den=0.386  AE+den=0.395  oracle*=0.429
            Δvs full: fewF-raw=+0.005 fewF-den=-0.016 AE+den=-0.007 | beats full: ['fewF-raw', 'oracle*']
C:\Users\meloy\PycharmProjects\spectral-select\.venv\Lib\site-packages\sklearn\neural_network\_multilayer_perceptron.py:785: ConvergenceWarning: Stochastic Optimizer: Maximum iterations (250) reached and the optimization hasn't converged yet.
  warnings.warn(
C:\Users\meloy\PycharmProjects\spectral-select\.venv\Lib\site-packages\sklearn\neural_network\_multilayer_perceptron.py:785: ConvergenceWarning: Stochastic Optimizer: Maximum iterations (250) reached and the optimization hasn't converged yet.
  warnings.warn(
C:\Users\meloy\PycharmProjects\spectral-select\.venv\Lib\site-packages\sklearn\neural_network\_multilayer_perceptron.py:785: ConvergenceWarning: Stochastic Optimizer: Maximum iterations (250) reached and the optimization hasn't converged yet.
  warnings.warn(
C:\Users\meloy\PycharmProjects\spectral-select\.venv\Lib\site-packages\sklearn\neural_network\_multilayer_perceptron.py:785: ConvergenceWarning: Stochastic Optimizer: Maximum iterations (250) reached and the optimization hasn't converged yet.
  warnings.warn(
C:\Users\meloy\PycharmProjects\spectral-select\.venv\Lib\site-packages\sklearn\neural_network\_multilayer_perceptron.py:785: ConvergenceWarning: Stochastic Optimizer: Maximum iterations (250) reached and the optimization hasn't converged yet.
  warnings.warn(
C:\Users\meloy\PycharmProjects\spectral-select\.venv\Lib\site-packages\sklearn\neural_network\_multilayer_perceptron.py:785: ConvergenceWarning: Stochastic Optimizer: Maximum iterations (250) reached and the optimization hasn't converged yet.
  warnings.warn(
C:\Users\meloy\PycharmProjects\spectral-select\.venv\Lib\site-packages\sklearn\neural_network\_multilayer_perceptron.py:785: ConvergenceWarning: Stochastic Optimizer: Maximum iterations (250) reached and the optimization hasn't converged yet.
  warnings.warn(
C:\Users\meloy\PycharmProjects\spectral-select\.venv\Lib\site-packages\sklearn\neural_network\_multilayer_perceptron.py:785: ConvergenceWarning: Stochastic Optimizer: Maximum iterations (250) reached and the optimization hasn't converged yet.
  warnings.warn(
C:\Users\meloy\PycharmProjects\spectral-select\.venv\Lib\site-packages\sklearn\neural_network\_multilayer_perceptron.py:785: ConvergenceWarning: Stochastic Optimizer: Maximum iterations (250) reached and the optimization hasn't converged yet.
  warnings.warn(
C:\Users\meloy\PycharmProjects\spectral-select\.venv\Lib\site-packages\sklearn\neural_network\_multilayer_perceptron.py:785: ConvergenceWarning: Stochastic Optimizer: Maximum iterations (250) reached and the optimization hasn't converged yet.
  warnings.warn(
C:\Users\meloy\PycharmProjects\spectral-select\.venv\Lib\site-packages\sklearn\neural_network\_multilayer_perceptron.py:785: ConvergenceWarning: Stochastic Optimizer: Maximum iterations (250) reached and the optimization hasn't converged yet.
  warnings.warn(
C:\Users\meloy\PycharmProjects\spectral-select\.venv\Lib\site-packages\sklearn\neural_network\_multilayer_perceptron.py:785: ConvergenceWarning: Stochastic Optimizer: Maximum iterations (250) reached and the optimization hasn't converged yet.
  warnings.warn(
C:\Users\meloy\PycharmProjects\spectral-select\.venv\Lib\site-packages\sklearn\neural_network\_multilayer_perceptron.py:785: ConvergenceWarning: Stochastic Optimizer: Maximum iterations (250) reached and the optimization hasn't converged yet.
  warnings.warn(
C:\Users\meloy\PycharmProjects\spectral-select\.venv\Lib\site-packages\sklearn\neural_network\_multilayer_perceptron.py:785: ConvergenceWarning: Stochastic Optimizer: Maximum iterations (250) reached and the optimization hasn't converged yet.
  warnings.warn(
C:\Users\meloy\PycharmProjects\spectral-select\.venv\Lib\site-packages\sklearn\neural_network\_multilayer_perceptron.py:785: ConvergenceWarning: Stochastic Optimizer: Maximum iterations (250) reached and the optimization hasn't converged yet.
  warnings.warn(
C:\Users\meloy\PycharmProjects\spectral-select\.venv\Lib\site-packages\sklearn\neural_network\_multilayer_perceptron.py:785: ConvergenceWarning: Stochastic Optimizer: Maximum iterations (250) reached and the optimization hasn't converged yet.
  warnings.warn(
C:\Users\meloy\PycharmProjects\spectral-select\.venv\Lib\site-packages\sklearn\neural_network\_multilayer_perceptron.py:785: ConvergenceWarning: Stochastic Optimizer: Maximum iterations (250) reached and the optimization hasn't converged yet.
  warnings.warn(
C:\Users\meloy\PycharmProjects\spectral-select\.venv\Lib\site-packages\sklearn\neural_network\_multilayer_perceptron.py:785: ConvergenceWarning: Stochastic Optimizer: Maximum iterations (250) reached and the optimization hasn't converged yet.
  warnings.warn(
C:\Users\meloy\PycharmProjects\spectral-select\.venv\Lib\site-packages\sklearn\neural_network\_multilayer_perceptron.py:785: ConvergenceWarning: Stochastic Optimizer: Maximum iterations (250) reached and the optimization hasn't converged yet.
  warnings.warn(
C:\Users\meloy\PycharmProjects\spectral-select\.venv\Lib\site-packages\sklearn\neural_network\_multilayer_perceptron.py:785: ConvergenceWarning: Stochastic Optimizer: Maximum iterations (250) reached and the optimization hasn't converged yet.
  warnings.warn(
C:\Users\meloy\PycharmProjects\spectral-select\.venv\Lib\site-packages\sklearn\neural_network\_multilayer_perceptron.py:785: ConvergenceWarning: Stochastic Optimizer: Maximum iterations (250) reached and the optimization hasn't converged yet.
  warnings.warn(
C:\Users\meloy\PycharmProjects\spectral-select\.venv\Lib\site-packages\sklearn\neural_network\_multilayer_perceptron.py:785: ConvergenceWarning: Stochastic Optimizer: Maximum iterations (250) reached and the optimization hasn't converged yet.
  warnings.warn(
C:\Users\meloy\PycharmProjects\spectral-select\.venv\Lib\site-packages\sklearn\neural_network\_multilayer_perceptron.py:785: ConvergenceWarning: Stochastic Optimizer: Maximum iterations (250) reached and the optimization hasn't converged yet.
  warnings.warn(
C:\Users\meloy\PycharmProjects\spectral-select\.venv\Lib\site-packages\sklearn\neural_network\_multilayer_perceptron.py:785: ConvergenceWarning: Stochastic Optimizer: Maximum iterations (250) reached and the optimization hasn't converged yet.
  warnings.warn(
C:\Users\meloy\PycharmProjects\spectral-select\.venv\Lib\site-packages\sklearn\neural_network\_multilayer_perceptron.py:785: ConvergenceWarning: Stochastic Optimizer: Maximum iterations (250) reached and the optimization hasn't converged yet.
  warnings.warn(
C:\Users\meloy\PycharmProjects\spectral-select\.venv\Lib\site-packages\sklearn\neural_network\_multilayer_perceptron.py:785: ConvergenceWarning: Stochastic Optimizer: Maximum iterations (250) reached and the optimization hasn't converged yet.
  warnings.warn(
C:\Users\meloy\PycharmProjects\spectral-select\.venv\Lib\site-packages\sklearn\neural_network\_multilayer_perceptron.py:785: ConvergenceWarning: Stochastic Optimizer: Maximum iterations (250) reached and the optimization hasn't converged yet.
  warnings.warn(
C:\Users\meloy\PycharmProjects\spectral-select\.venv\Lib\site-packages\sklearn\neural_network\_multilayer_perceptron.py:785: ConvergenceWarning: Stochastic Optimizer: Maximum iterations (250) reached and the optimization hasn't converged yet.
  warnings.warn(
C:\Users\meloy\PycharmProjects\spectral-select\.venv\Lib\site-packages\sklearn\neural_network\_multilayer_perceptron.py:785: ConvergenceWarning: Stochastic Optimizer: Maximum iterations (250) reached and the optimization hasn't converged yet.
  warnings.warn(
C:\Users\meloy\PycharmProjects\spectral-select\.venv\Lib\site-packages\sklearn\neural_network\_multilayer_perceptron.py:785: ConvergenceWarning: Stochastic Optimizer: Maximum iterations (250) reached and the optimization hasn't converged yet.
  warnings.warn(
C:\Users\meloy\PycharmProjects\spectral-select\.venv\Lib\site-packages\sklearn\neural_network\_multilayer_perceptron.py:785: ConvergenceWarning: Stochastic Optimizer: Maximum iterations (250) reached and the optimization hasn't converged yet.
  warnings.warn(
C:\Users\meloy\PycharmProjects\spectral-select\.venv\Lib\site-packages\sklearn\neural_network\_multilayer_perceptron.py:785: ConvergenceWarning: Stochastic Optimizer: Maximum iterations (250) reached and the optimization hasn't converged yet.
  warnings.warn(
C:\Users\meloy\PycharmProjects\spectral-select\.venv\Lib\site-packages\sklearn\neural_network\_multilayer_perceptron.py:785: ConvergenceWarning: Stochastic Optimizer: Maximum iterations (250) reached and the optimization hasn't converged yet.
  warnings.warn(
C:\Users\meloy\PycharmProjects\spectral-select\.venv\Lib\site-packages\sklearn\neural_network\_multilayer_perceptron.py:785: ConvergenceWarning: Stochastic Optimizer: Maximum iterations (250) reached and the optimization hasn't converged yet.
  warnings.warn(
C:\Users\meloy\PycharmProjects\spectral-select\.venv\Lib\site-packages\sklearn\neural_network\_multilayer_perceptron.py:785: ConvergenceWarning: Stochastic Optimizer: Maximum iterations (250) reached and the optimization hasn't converged yet.
  warnings.warn(
C:\Users\meloy\PycharmProjects\spectral-select\.venv\Lib\site-packages\sklearn\neural_network\_multilayer_perceptron.py:785: ConvergenceWarning: Stochastic Optimizer: Maximum iterations (250) reached and the optimization hasn't converged yet.
  warnings.warn(
C:\Users\meloy\PycharmProjects\spectral-select\.venv\Lib\site-packages\sklearn\neural_network\_multilayer_perceptron.py:785: ConvergenceWarning: Stochastic Optimizer: Maximum iterations (250) reached and the optimization hasn't converged yet.
  warnings.warn(
C:\Users\meloy\PycharmProjects\spectral-select\.venv\Lib\site-packages\sklearn\neural_network\_multilayer_perceptron.py:785: ConvergenceWarning: Stochastic Optimizer: Maximum iterations (250) reached and the optimization hasn't converged yet.
  warnings.warn(
C:\Users\meloy\PycharmProjects\spectral-select\.venv\Lib\site-packages\sklearn\neural_network\_multilayer_perceptron.py:785: ConvergenceWarning: Stochastic Optimizer: Maximum iterations (250) reached and the optimization hasn't converged yet.
  warnings.warn(
C:\Users\meloy\PycharmProjects\spectral-select\.venv\Lib\site-packages\sklearn\neural_network\_multilayer_perceptron.py:785: ConvergenceWarning: Stochastic Optimizer: Maximum iterations (250) reached and the optimization hasn't converged yet.
  warnings.warn(
C:\Users\meloy\PycharmProjects\spectral-select\.venv\Lib\site-packages\sklearn\neural_network\_multilayer_perceptron.py:785: ConvergenceWarning: Stochastic Optimizer: Maximum iterations (250) reached and the optimization hasn't converged yet.
  warnings.warn(
C:\Users\meloy\PycharmProjects\spectral-select\.venv\Lib\site-packages\sklearn\neural_network\_multilayer_perceptron.py:785: ConvergenceWarning: Stochastic Optimizer: Maximum iterations (250) reached and the optimization hasn't converged yet.
  warnings.warn(
C:\Users\meloy\PycharmProjects\spectral-select\.venv\Lib\site-packages\sklearn\neural_network\_multilayer_perceptron.py:785: ConvergenceWarning: Stochastic Optimizer: Maximum iterations (250) reached and the optimization hasn't converged yet.
  warnings.warn(
C:\Users\meloy\PycharmProjects\spectral-select\.venv\Lib\site-packages\sklearn\neural_network\_multilayer_perceptron.py:785: ConvergenceWarning: Stochastic Optimizer: Maximum iterations (250) reached and the optimization hasn't converged yet.
  warnings.warn(
C:\Users\meloy\PycharmProjects\spectral-select\.venv\Lib\site-packages\sklearn\neural_network\_multilayer_perceptron.py:785: ConvergenceWarning: Stochastic Optimizer: Maximum iterations (250) reached and the optimization hasn't converged yet.
  warnings.warn(
C:\Users\meloy\PycharmProjects\spectral-select\.venv\Lib\site-packages\sklearn\neural_network\_multilayer_perceptron.py:785: ConvergenceWarning: Stochastic Optimizer: Maximum iterations (250) reached and the optimization hasn't converged yet.
  warnings.warn(
C:\Users\meloy\PycharmProjects\spectral-select\.venv\Lib\site-packages\sklearn\neural_network\_multilayer_perceptron.py:785: ConvergenceWarning: Stochastic Optimizer: Maximum iterations (250) reached and the optimization hasn't converged yet.
  warnings.warn(
C:\Users\meloy\PycharmProjects\spectral-select\.venv\Lib\site-packages\sklearn\neural_network\_multilayer_perceptron.py:785: ConvergenceWarning: Stochastic Optimizer: Maximum iterations (250) reached and the optimization hasn't converged yet.
  warnings.warn(
C:\Users\meloy\PycharmProjects\spectral-select\.venv\Lib\site-packages\sklearn\neural_network\_multilayer_perceptron.py:785: ConvergenceWarning: Stochastic Optimizer: Maximum iterations (250) reached and the optimization hasn't converged yet.
  warnings.warn(
C:\Users\meloy\PycharmProjects\spectral-select\.venv\Lib\site-packages\sklearn\neural_network\_multilayer_perceptron.py:785: ConvergenceWarning: Stochastic Optimizer: Maximum iterations (250) reached and the optimization hasn't converged yet.
  warnings.warn(
C:\Users\meloy\PycharmProjects\spectral-select\.venv\Lib\site-packages\sklearn\neural_network\_multilayer_perceptron.py:785: ConvergenceWarning: Stochastic Optimizer: Maximum iterations (250) reached and the optimization hasn't converged yet.
  warnings.warn(
C:\Users\meloy\PycharmProjects\spectral-select\.venv\Lib\site-packages\sklearn\neural_network\_multilayer_perceptron.py:785: ConvergenceWarning: Stochastic Optimizer: Maximum iterations (250) reached and the optimization hasn't converged yet.
  warnings.warn(
C:\Users\meloy\PycharmProjects\spectral-select\.venv\Lib\site-packages\sklearn\neural_network\_multilayer_perceptron.py:785: ConvergenceWarning: Stochastic Optimizer: Maximum iterations (250) reached and the optimization hasn't converged yet.
  warnings.warn(
C:\Users\meloy\PycharmProjects\spectral-select\.venv\Lib\site-packages\sklearn\neural_network\_multilayer_perceptron.py:785: ConvergenceWarning: Stochastic Optimizer: Maximum iterations (250) reached and the optimization hasn't converged yet.
  warnings.warn(
C:\Users\meloy\PycharmProjects\spectral-select\.venv\Lib\site-packages\sklearn\neural_network\_multilayer_perceptron.py:785: ConvergenceWarning: Stochastic Optimizer: Maximum iterations (250) reached and the optimization hasn't converged yet.
  warnings.warn(
C:\Users\meloy\PycharmProjects\spectral-select\.venv\Lib\site-packages\sklearn\neural_network\_multilayer_perceptron.py:785: ConvergenceWarning: Stochastic Optimizer: Maximum iterations (250) reached and the optimization hasn't converged yet.
  warnings.warn(
C:\Users\meloy\PycharmProjects\spectral-select\.venv\Lib\site-packages\sklearn\neural_network\_multilayer_perceptron.py:785: ConvergenceWarning: Stochastic Optimizer: Maximum iterations (250) reached and the optimization hasn't converged yet.
  warnings.warn(
C:\Users\meloy\PycharmProjects\spectral-select\.venv\Lib\site-packages\sklearn\neural_network\_multilayer_perceptron.py:785: ConvergenceWarning: Stochastic Optimizer: Maximum iterations (250) reached and the optimization hasn't converged yet.
  warnings.warn(
C:\Users\meloy\PycharmProjects\spectral-select\.venv\Lib\site-packages\sklearn\neural_network\_multilayer_perceptron.py:785: ConvergenceWarning: Stochastic Optimizer: Maximum iterations (250) reached and the optimization hasn't converged yet.
  warnings.warn(
C:\Users\meloy\PycharmProjects\spectral-select\.venv\Lib\site-packages\sklearn\neural_network\_multilayer_perceptron.py:785: ConvergenceWarning: Stochastic Optimizer: Maximum iterations (250) reached and the optimization hasn't converged yet.
  warnings.warn(
  labels/class= 10: full=0.433  PCA=0.423  AE=0.440  fewF-raw=0.432  fewF-den=0.433  AE+den=0.423  oracle*=0.471
            Δvs full: fewF-raw=-0.001 fewF-den=-0.000 AE+den=-0.010 | beats full: ['oracle*']
C:\Users\meloy\PycharmProjects\spectral-select\.venv\Lib\site-packages\sklearn\neural_network\_multilayer_perceptron.py:785: ConvergenceWarning: Stochastic Optimizer: Maximum iterations (250) reached and the optimization hasn't converged yet.
  warnings.warn(
C:\Users\meloy\PycharmProjects\spectral-select\.venv\Lib\site-packages\sklearn\neural_network\_multilayer_perceptron.py:785: ConvergenceWarning: Stochastic Optimizer: Maximum iterations (250) reached and the optimization hasn't converged yet.
  warnings.warn(
C:\Users\meloy\PycharmProjects\spectral-select\.venv\Lib\site-packages\sklearn\neural_network\_multilayer_perceptron.py:785: ConvergenceWarning: Stochastic Optimizer: Maximum iterations (250) reached and the optimization hasn't converged yet.
  warnings.warn(
C:\Users\meloy\PycharmProjects\spectral-select\.venv\Lib\site-packages\sklearn\neural_network\_multilayer_perceptron.py:785: ConvergenceWarning: Stochastic Optimizer: Maximum iterations (250) reached and the optimization hasn't converged yet.
  warnings.warn(
C:\Users\meloy\PycharmProjects\spectral-select\.venv\Lib\site-packages\sklearn\neural_network\_multilayer_perceptron.py:785: ConvergenceWarning: Stochastic Optimizer: Maximum iterations (250) reached and the optimization hasn't converged yet.
  warnings.warn(
C:\Users\meloy\PycharmProjects\spectral-select\.venv\Lib\site-packages\sklearn\neural_network\_multilayer_perceptron.py:785: ConvergenceWarning: Stochastic Optimizer: Maximum iterations (250) reached and the optimization hasn't converged yet.
  warnings.warn(
C:\Users\meloy\PycharmProjects\spectral-select\.venv\Lib\site-packages\sklearn\neural_network\_multilayer_perceptron.py:785: ConvergenceWarning: Stochastic Optimizer: Maximum iterations (250) reached and the optimization hasn't converged yet.
  warnings.warn(
C:\Users\meloy\PycharmProjects\spectral-select\.venv\Lib\site-packages\sklearn\neural_network\_multilayer_perceptron.py:785: ConvergenceWarning: Stochastic Optimizer: Maximum iterations (250) reached and the optimization hasn't converged yet.
  warnings.warn(
C:\Users\meloy\PycharmProjects\spectral-select\.venv\Lib\site-packages\sklearn\neural_network\_multilayer_perceptron.py:785: ConvergenceWarning: Stochastic Optimizer: Maximum iterations (250) reached and the optimization hasn't converged yet.
  warnings.warn(
C:\Users\meloy\PycharmProjects\spectral-select\.venv\Lib\site-packages\sklearn\neural_network\_multilayer_perceptron.py:785: ConvergenceWarning: Stochastic Optimizer: Maximum iterations (250) reached and the optimization hasn't converged yet.
  warnings.warn(
C:\Users\meloy\PycharmProjects\spectral-select\.venv\Lib\site-packages\sklearn\neural_network\_multilayer_perceptron.py:785: ConvergenceWarning: Stochastic Optimizer: Maximum iterations (250) reached and the optimization hasn't converged yet.
  warnings.warn(
C:\Users\meloy\PycharmProjects\spectral-select\.venv\Lib\site-packages\sklearn\neural_network\_multilayer_perceptron.py:785: ConvergenceWarning: Stochastic Optimizer: Maximum iterations (250) reached and the optimization hasn't converged yet.
  warnings.warn(
C:\Users\meloy\PycharmProjects\spectral-select\.venv\Lib\site-packages\sklearn\neural_network\_multilayer_perceptron.py:785: ConvergenceWarning: Stochastic Optimizer: Maximum iterations (250) reached and the optimization hasn't converged yet.
  warnings.warn(
C:\Users\meloy\PycharmProjects\spectral-select\.venv\Lib\site-packages\sklearn\neural_network\_multilayer_perceptron.py:785: ConvergenceWarning: Stochastic Optimizer: Maximum iterations (250) reached and the optimization hasn't converged yet.
  warnings.warn(
C:\Users\meloy\PycharmProjects\spectral-select\.venv\Lib\site-packages\sklearn\neural_network\_multilayer_perceptron.py:785: ConvergenceWarning: Stochastic Optimizer: Maximum iterations (250) reached and the optimization hasn't converged yet.
  warnings.warn(
C:\Users\meloy\PycharmProjects\spectral-select\.venv\Lib\site-packages\sklearn\neural_network\_multilayer_perceptron.py:785: ConvergenceWarning: Stochastic Optimizer: Maximum iterations (250) reached and the optimization hasn't converged yet.
  warnings.warn(
C:\Users\meloy\PycharmProjects\spectral-select\.venv\Lib\site-packages\sklearn\neural_network\_multilayer_perceptron.py:785: ConvergenceWarning: Stochastic Optimizer: Maximum iterations (250) reached and the optimization hasn't converged yet.
  warnings.warn(
C:\Users\meloy\PycharmProjects\spectral-select\.venv\Lib\site-packages\sklearn\neural_network\_multilayer_perceptron.py:785: ConvergenceWarning: Stochastic Optimizer: Maximum iterations (250) reached and the optimization hasn't converged yet.
  warnings.warn(
C:\Users\meloy\PycharmProjects\spectral-select\.venv\Lib\site-packages\sklearn\neural_network\_multilayer_perceptron.py:785: ConvergenceWarning: Stochastic Optimizer: Maximum iterations (250) reached and the optimization hasn't converged yet.
  warnings.warn(
C:\Users\meloy\PycharmProjects\spectral-select\.venv\Lib\site-packages\sklearn\neural_network\_multilayer_perceptron.py:785: ConvergenceWarning: Stochastic Optimizer: Maximum iterations (250) reached and the optimization hasn't converged yet.
  warnings.warn(
C:\Users\meloy\PycharmProjects\spectral-select\.venv\Lib\site-packages\sklearn\neural_network\_multilayer_perceptron.py:785: ConvergenceWarning: Stochastic Optimizer: Maximum iterations (250) reached and the optimization hasn't converged yet.
  warnings.warn(
C:\Users\meloy\PycharmProjects\spectral-select\.venv\Lib\site-packages\sklearn\neural_network\_multilayer_perceptron.py:785: ConvergenceWarning: Stochastic Optimizer: Maximum iterations (250) reached and the optimization hasn't converged yet.
  warnings.warn(
C:\Users\meloy\PycharmProjects\spectral-select\.venv\Lib\site-packages\sklearn\neural_network\_multilayer_perceptron.py:785: ConvergenceWarning: Stochastic Optimizer: Maximum iterations (250) reached and the optimization hasn't converged yet.
  warnings.warn(
C:\Users\meloy\PycharmProjects\spectral-select\.venv\Lib\site-packages\sklearn\neural_network\_multilayer_perceptron.py:785: ConvergenceWarning: Stochastic Optimizer: Maximum iterations (250) reached and the optimization hasn't converged yet.
  warnings.warn(
C:\Users\meloy\PycharmProjects\spectral-select\.venv\Lib\site-packages\sklearn\neural_network\_multilayer_perceptron.py:785: ConvergenceWarning: Stochastic Optimizer: Maximum iterations (250) reached and the optimization hasn't converged yet.
  warnings.warn(
C:\Users\meloy\PycharmProjects\spectral-select\.venv\Lib\site-packages\sklearn\neural_network\_multilayer_perceptron.py:785: ConvergenceWarning: Stochastic Optimizer: Maximum iterations (250) reached and the optimization hasn't converged yet.
  warnings.warn(
C:\Users\meloy\PycharmProjects\spectral-select\.venv\Lib\site-packages\sklearn\neural_network\_multilayer_perceptron.py:785: ConvergenceWarning: Stochastic Optimizer: Maximum iterations (250) reached and the optimization hasn't converged yet.
  warnings.warn(
C:\Users\meloy\PycharmProjects\spectral-select\.venv\Lib\site-packages\sklearn\neural_network\_multilayer_perceptron.py:785: ConvergenceWarning: Stochastic Optimizer: Maximum iterations (250) reached and the optimization hasn't converged yet.
  warnings.warn(
C:\Users\meloy\PycharmProjects\spectral-select\.venv\Lib\site-packages\sklearn\neural_network\_multilayer_perceptron.py:785: ConvergenceWarning: Stochastic Optimizer: Maximum iterations (250) reached and the optimization hasn't converged yet.
  warnings.warn(
C:\Users\meloy\PycharmProjects\spectral-select\.venv\Lib\site-packages\sklearn\neural_network\_multilayer_perceptron.py:785: ConvergenceWarning: Stochastic Optimizer: Maximum iterations (250) reached and the optimization hasn't converged yet.
  warnings.warn(
C:\Users\meloy\PycharmProjects\spectral-select\.venv\Lib\site-packages\sklearn\neural_network\_multilayer_perceptron.py:785: ConvergenceWarning: Stochastic Optimizer: Maximum iterations (250) reached and the optimization hasn't converged yet.
  warnings.warn(
C:\Users\meloy\PycharmProjects\spectral-select\.venv\Lib\site-packages\sklearn\neural_network\_multilayer_perceptron.py:785: ConvergenceWarning: Stochastic Optimizer: Maximum iterations (250) reached and the optimization hasn't converged yet.
  warnings.warn(
C:\Users\meloy\PycharmProjects\spectral-select\.venv\Lib\site-packages\sklearn\neural_network\_multilayer_perceptron.py:785: ConvergenceWarning: Stochastic Optimizer: Maximum iterations (250) reached and the optimization hasn't converged yet.
  warnings.warn(
C:\Users\meloy\PycharmProjects\spectral-select\.venv\Lib\site-packages\sklearn\neural_network\_multilayer_perceptron.py:785: ConvergenceWarning: Stochastic Optimizer: Maximum iterations (250) reached and the optimization hasn't converged yet.
  warnings.warn(
C:\Users\meloy\PycharmProjects\spectral-select\.venv\Lib\site-packages\sklearn\neural_network\_multilayer_perceptron.py:785: ConvergenceWarning: Stochastic Optimizer: Maximum iterations (250) reached and the optimization hasn't converged yet.
  warnings.warn(
C:\Users\meloy\PycharmProjects\spectral-select\.venv\Lib\site-packages\sklearn\neural_network\_multilayer_perceptron.py:785: ConvergenceWarning: Stochastic Optimizer: Maximum iterations (250) reached and the optimization hasn't converged yet.
  warnings.warn(
C:\Users\meloy\PycharmProjects\spectral-select\.venv\Lib\site-packages\sklearn\neural_network\_multilayer_perceptron.py:785: ConvergenceWarning: Stochastic Optimizer: Maximum iterations (250) reached and the optimization hasn't converged yet.
  warnings.warn(
C:\Users\meloy\PycharmProjects\spectral-select\.venv\Lib\site-packages\sklearn\neural_network\_multilayer_perceptron.py:785: ConvergenceWarning: Stochastic Optimizer: Maximum iterations (250) reached and the optimization hasn't converged yet.
  warnings.warn(
C:\Users\meloy\PycharmProjects\spectral-select\.venv\Lib\site-packages\sklearn\neural_network\_multilayer_perceptron.py:785: ConvergenceWarning: Stochastic Optimizer: Maximum iterations (250) reached and the optimization hasn't converged yet.
  warnings.warn(
C:\Users\meloy\PycharmProjects\spectral-select\.venv\Lib\site-packages\sklearn\neural_network\_multilayer_perceptron.py:785: ConvergenceWarning: Stochastic Optimizer: Maximum iterations (250) reached and the optimization hasn't converged yet.
  warnings.warn(
C:\Users\meloy\PycharmProjects\spectral-select\.venv\Lib\site-packages\sklearn\neural_network\_multilayer_perceptron.py:785: ConvergenceWarning: Stochastic Optimizer: Maximum iterations (250) reached and the optimization hasn't converged yet.
  warnings.warn(
C:\Users\meloy\PycharmProjects\spectral-select\.venv\Lib\site-packages\sklearn\neural_network\_multilayer_perceptron.py:785: ConvergenceWarning: Stochastic Optimizer: Maximum iterations (250) reached and the optimization hasn't converged yet.
  warnings.warn(
C:\Users\meloy\PycharmProjects\spectral-select\.venv\Lib\site-packages\sklearn\neural_network\_multilayer_perceptron.py:785: ConvergenceWarning: Stochastic Optimizer: Maximum iterations (250) reached and the optimization hasn't converged yet.
  warnings.warn(
C:\Users\meloy\PycharmProjects\spectral-select\.venv\Lib\site-packages\sklearn\neural_network\_multilayer_perceptron.py:785: ConvergenceWarning: Stochastic Optimizer: Maximum iterations (250) reached and the optimization hasn't converged yet.
  warnings.warn(
C:\Users\meloy\PycharmProjects\spectral-select\.venv\Lib\site-packages\sklearn\neural_network\_multilayer_perceptron.py:785: ConvergenceWarning: Stochastic Optimizer: Maximum iterations (250) reached and the optimization hasn't converged yet.
  warnings.warn(
C:\Users\meloy\PycharmProjects\spectral-select\.venv\Lib\site-packages\sklearn\neural_network\_multilayer_perceptron.py:785: ConvergenceWarning: Stochastic Optimizer: Maximum iterations (250) reached and the optimization hasn't converged yet.
  warnings.warn(
C:\Users\meloy\PycharmProjects\spectral-select\.venv\Lib\site-packages\sklearn\neural_network\_multilayer_perceptron.py:785: ConvergenceWarning: Stochastic Optimizer: Maximum iterations (250) reached and the optimization hasn't converged yet.
  warnings.warn(
C:\Users\meloy\PycharmProjects\spectral-select\.venv\Lib\site-packages\sklearn\neural_network\_multilayer_perceptron.py:785: ConvergenceWarning: Stochastic Optimizer: Maximum iterations (250) reached and the optimization hasn't converged yet.
  warnings.warn(
C:\Users\meloy\PycharmProjects\spectral-select\.venv\Lib\site-packages\sklearn\neural_network\_multilayer_perceptron.py:785: ConvergenceWarning: Stochastic Optimizer: Maximum iterations (250) reached and the optimization hasn't converged yet.
  warnings.warn(
C:\Users\meloy\PycharmProjects\spectral-select\.venv\Lib\site-packages\sklearn\neural_network\_multilayer_perceptron.py:785: ConvergenceWarning: Stochastic Optimizer: Maximum iterations (250) reached and the optimization hasn't converged yet.
  warnings.warn(
C:\Users\meloy\PycharmProjects\spectral-select\.venv\Lib\site-packages\sklearn\neural_network\_multilayer_perceptron.py:785: ConvergenceWarning: Stochastic Optimizer: Maximum iterations (250) reached and the optimization hasn't converged yet.
  warnings.warn(
C:\Users\meloy\PycharmProjects\spectral-select\.venv\Lib\site-packages\sklearn\neural_network\_multilayer_perceptron.py:785: ConvergenceWarning: Stochastic Optimizer: Maximum iterations (250) reached and the optimization hasn't converged yet.
  warnings.warn(
C:\Users\meloy\PycharmProjects\spectral-select\.venv\Lib\site-packages\sklearn\neural_network\_multilayer_perceptron.py:785: ConvergenceWarning: Stochastic Optimizer: Maximum iterations (250) reached and the optimization hasn't converged yet.
  warnings.warn(
C:\Users\meloy\PycharmProjects\spectral-select\.venv\Lib\site-packages\sklearn\neural_network\_multilayer_perceptron.py:785: ConvergenceWarning: Stochastic Optimizer: Maximum iterations (250) reached and the optimization hasn't converged yet.
  warnings.warn(
C:\Users\meloy\PycharmProjects\spectral-select\.venv\Lib\site-packages\sklearn\neural_network\_multilayer_perceptron.py:785: ConvergenceWarning: Stochastic Optimizer: Maximum iterations (250) reached and the optimization hasn't converged yet.
  warnings.warn(
C:\Users\meloy\PycharmProjects\spectral-select\.venv\Lib\site-packages\sklearn\neural_network\_multilayer_perceptron.py:785: ConvergenceWarning: Stochastic Optimizer: Maximum iterations (250) reached and the optimization hasn't converged yet.
  warnings.warn(
C:\Users\meloy\PycharmProjects\spectral-select\.venv\Lib\site-packages\sklearn\neural_network\_multilayer_perceptron.py:785: ConvergenceWarning: Stochastic Optimizer: Maximum iterations (250) reached and the optimization hasn't converged yet.
  warnings.warn(
C:\Users\meloy\PycharmProjects\spectral-select\.venv\Lib\site-packages\sklearn\neural_network\_multilayer_perceptron.py:785: ConvergenceWarning: Stochastic Optimizer: Maximum iterations (250) reached and the optimization hasn't converged yet.
  warnings.warn(
C:\Users\meloy\PycharmProjects\spectral-select\.venv\Lib\site-packages\sklearn\neural_network\_multilayer_perceptron.py:785: ConvergenceWarning: Stochastic Optimizer: Maximum iterations (250) reached and the optimization hasn't converged yet.
  warnings.warn(
C:\Users\meloy\PycharmProjects\spectral-select\.venv\Lib\site-packages\sklearn\neural_network\_multilayer_perceptron.py:785: ConvergenceWarning: Stochastic Optimizer: Maximum iterations (250) reached and the optimization hasn't converged yet.
  warnings.warn(
  labels/class= 15: full=0.481  PCA=0.471  AE=0.470  fewF-raw=0.466  fewF-den=0.461  AE+den=0.468  oracle*=0.496
            Δvs full: fewF-raw=-0.015 fewF-den=-0.020 AE+den=-0.013 | beats full: ['oracle*']
C:\Users\meloy\PycharmProjects\spectral-select\.venv\Lib\site-packages\sklearn\neural_network\_multilayer_perceptron.py:785: ConvergenceWarning: Stochastic Optimizer: Maximum iterations (250) reached and the optimization hasn't converged yet.
  warnings.warn(
C:\Users\meloy\PycharmProjects\spectral-select\.venv\Lib\site-packages\sklearn\neural_network\_multilayer_perceptron.py:785: ConvergenceWarning: Stochastic Optimizer: Maximum iterations (250) reached and the optimization hasn't converged yet.
  warnings.warn(
C:\Users\meloy\PycharmProjects\spectral-select\.venv\Lib\site-packages\sklearn\neural_network\_multilayer_perceptron.py:785: ConvergenceWarning: Stochastic Optimizer: Maximum iterations (250) reached and the optimization hasn't converged yet.
  warnings.warn(
C:\Users\meloy\PycharmProjects\spectral-select\.venv\Lib\site-packages\sklearn\neural_network\_multilayer_perceptron.py:785: ConvergenceWarning: Stochastic Optimizer: Maximum iterations (250) reached and the optimization hasn't converged yet.
  warnings.warn(
C:\Users\meloy\PycharmProjects\spectral-select\.venv\Lib\site-packages\sklearn\neural_network\_multilayer_perceptron.py:785: ConvergenceWarning: Stochastic Optimizer: Maximum iterations (250) reached and the optimization hasn't converged yet.
  warnings.warn(
C:\Users\meloy\PycharmProjects\spectral-select\.venv\Lib\site-packages\sklearn\neural_network\_multilayer_perceptron.py:785: ConvergenceWarning: Stochastic Optimizer: Maximum iterations (250) reached and the optimization hasn't converged yet.
  warnings.warn(
C:\Users\meloy\PycharmProjects\spectral-select\.venv\Lib\site-packages\sklearn\neural_network\_multilayer_perceptron.py:785: ConvergenceWarning: Stochastic Optimizer: Maximum iterations (250) reached and the optimization hasn't converged yet.
  warnings.warn(
C:\Users\meloy\PycharmProjects\spectral-select\.venv\Lib\site-packages\sklearn\neural_network\_multilayer_perceptron.py:785: ConvergenceWarning: Stochastic Optimizer: Maximum iterations (250) reached and the optimization hasn't converged yet.
  warnings.warn(
C:\Users\meloy\PycharmProjects\spectral-select\.venv\Lib\site-packages\sklearn\neural_network\_multilayer_perceptron.py:785: ConvergenceWarning: Stochastic Optimizer: Maximum iterations (250) reached and the optimization hasn't converged yet.
  warnings.warn(
C:\Users\meloy\PycharmProjects\spectral-select\.venv\Lib\site-packages\sklearn\neural_network\_multilayer_perceptron.py:785: ConvergenceWarning: Stochastic Optimizer: Maximum iterations (250) reached and the optimization hasn't converged yet.
  warnings.warn(
C:\Users\meloy\PycharmProjects\spectral-select\.venv\Lib\site-packages\sklearn\neural_network\_multilayer_perceptron.py:785: ConvergenceWarning: Stochastic Optimizer: Maximum iterations (250) reached and the optimization hasn't converged yet.
  warnings.warn(
C:\Users\meloy\PycharmProjects\spectral-select\.venv\Lib\site-packages\sklearn\neural_network\_multilayer_perceptron.py:785: ConvergenceWarning: Stochastic Optimizer: Maximum iterations (250) reached and the optimization hasn't converged yet.
  warnings.warn(
C:\Users\meloy\PycharmProjects\spectral-select\.venv\Lib\site-packages\sklearn\neural_network\_multilayer_perceptron.py:785: ConvergenceWarning: Stochastic Optimizer: Maximum iterations (250) reached and the optimization hasn't converged yet.
  warnings.warn(
C:\Users\meloy\PycharmProjects\spectral-select\.venv\Lib\site-packages\sklearn\neural_network\_multilayer_perceptron.py:785: ConvergenceWarning: Stochastic Optimizer: Maximum iterations (250) reached and the optimization hasn't converged yet.
  warnings.warn(
C:\Users\meloy\PycharmProjects\spectral-select\.venv\Lib\site-packages\sklearn\neural_network\_multilayer_perceptron.py:785: ConvergenceWarning: Stochastic Optimizer: Maximum iterations (250) reached and the optimization hasn't converged yet.
  warnings.warn(
C:\Users\meloy\PycharmProjects\spectral-select\.venv\Lib\site-packages\sklearn\neural_network\_multilayer_perceptron.py:785: ConvergenceWarning: Stochastic Optimizer: Maximum iterations (250) reached and the optimization hasn't converged yet.
  warnings.warn(
C:\Users\meloy\PycharmProjects\spectral-select\.venv\Lib\site-packages\sklearn\neural_network\_multilayer_perceptron.py:785: ConvergenceWarning: Stochastic Optimizer: Maximum iterations (250) reached and the optimization hasn't converged yet.
  warnings.warn(
C:\Users\meloy\PycharmProjects\spectral-select\.venv\Lib\site-packages\sklearn\neural_network\_multilayer_perceptron.py:785: ConvergenceWarning: Stochastic Optimizer: Maximum iterations (250) reached and the optimization hasn't converged yet.
  warnings.warn(
C:\Users\meloy\PycharmProjects\spectral-select\.venv\Lib\site-packages\sklearn\neural_network\_multilayer_perceptron.py:785: ConvergenceWarning: Stochastic Optimizer: Maximum iterations (250) reached and the optimization hasn't converged yet.
  warnings.warn(
C:\Users\meloy\PycharmProjects\spectral-select\.venv\Lib\site-packages\sklearn\neural_network\_multilayer_perceptron.py:785: ConvergenceWarning: Stochastic Optimizer: Maximum iterations (250) reached and the optimization hasn't converged yet.
  warnings.warn(
C:\Users\meloy\PycharmProjects\spectral-select\.venv\Lib\site-packages\sklearn\neural_network\_multilayer_perceptron.py:785: ConvergenceWarning: Stochastic Optimizer: Maximum iterations (250) reached and the optimization hasn't converged yet.
  warnings.warn(
C:\Users\meloy\PycharmProjects\spectral-select\.venv\Lib\site-packages\sklearn\neural_network\_multilayer_perceptron.py:785: ConvergenceWarning: Stochastic Optimizer: Maximum iterations (250) reached and the optimization hasn't converged yet.
  warnings.warn(
C:\Users\meloy\PycharmProjects\spectral-select\.venv\Lib\site-packages\sklearn\neural_network\_multilayer_perceptron.py:785: ConvergenceWarning: Stochastic Optimizer: Maximum iterations (250) reached and the optimization hasn't converged yet.
  warnings.warn(
C:\Users\meloy\PycharmProjects\spectral-select\.venv\Lib\site-packages\sklearn\neural_network\_multilayer_perceptron.py:785: ConvergenceWarning: Stochastic Optimizer: Maximum iterations (250) reached and the optimization hasn't converged yet.
  warnings.warn(
C:\Users\meloy\PycharmProjects\spectral-select\.venv\Lib\site-packages\sklearn\neural_network\_multilayer_perceptron.py:785: ConvergenceWarning: Stochastic Optimizer: Maximum iterations (250) reached and the optimization hasn't converged yet.
  warnings.warn(
C:\Users\meloy\PycharmProjects\spectral-select\.venv\Lib\site-packages\sklearn\neural_network\_multilayer_perceptron.py:785: ConvergenceWarning: Stochastic Optimizer: Maximum iterations (250) reached and the optimization hasn't converged yet.
  warnings.warn(
C:\Users\meloy\PycharmProjects\spectral-select\.venv\Lib\site-packages\sklearn\neural_network\_multilayer_perceptron.py:785: ConvergenceWarning: Stochastic Optimizer: Maximum iterations (250) reached and the optimization hasn't converged yet.
  warnings.warn(
C:\Users\meloy\PycharmProjects\spectral-select\.venv\Lib\site-packages\sklearn\neural_network\_multilayer_perceptron.py:785: ConvergenceWarning: Stochastic Optimizer: Maximum iterations (250) reached and the optimization hasn't converged yet.
  warnings.warn(
C:\Users\meloy\PycharmProjects\spectral-select\.venv\Lib\site-packages\sklearn\neural_network\_multilayer_perceptron.py:785: ConvergenceWarning: Stochastic Optimizer: Maximum iterations (250) reached and the optimization hasn't converged yet.
  warnings.warn(
C:\Users\meloy\PycharmProjects\spectral-select\.venv\Lib\site-packages\sklearn\neural_network\_multilayer_perceptron.py:785: ConvergenceWarning: Stochastic Optimizer: Maximum iterations (250) reached and the optimization hasn't converged yet.
  warnings.warn(
C:\Users\meloy\PycharmProjects\spectral-select\.venv\Lib\site-packages\sklearn\neural_network\_multilayer_perceptron.py:785: ConvergenceWarning: Stochastic Optimizer: Maximum iterations (250) reached and the optimization hasn't converged yet.
  warnings.warn(
C:\Users\meloy\PycharmProjects\spectral-select\.venv\Lib\site-packages\sklearn\neural_network\_multilayer_perceptron.py:785: ConvergenceWarning: Stochastic Optimizer: Maximum iterations (250) reached and the optimization hasn't converged yet.
  warnings.warn(
C:\Users\meloy\PycharmProjects\spectral-select\.venv\Lib\site-packages\sklearn\neural_network\_multilayer_perceptron.py:785: ConvergenceWarning: Stochastic Optimizer: Maximum iterations (250) reached and the optimization hasn't converged yet.
  warnings.warn(
C:\Users\meloy\PycharmProjects\spectral-select\.venv\Lib\site-packages\sklearn\neural_network\_multilayer_perceptron.py:785: ConvergenceWarning: Stochastic Optimizer: Maximum iterations (250) reached and the optimization hasn't converged yet.
  warnings.warn(
C:\Users\meloy\PycharmProjects\spectral-select\.venv\Lib\site-packages\sklearn\neural_network\_multilayer_perceptron.py:785: ConvergenceWarning: Stochastic Optimizer: Maximum iterations (250) reached and the optimization hasn't converged yet.
  warnings.warn(
C:\Users\meloy\PycharmProjects\spectral-select\.venv\Lib\site-packages\sklearn\neural_network\_multilayer_perceptron.py:785: ConvergenceWarning: Stochastic Optimizer: Maximum iterations (250) reached and the optimization hasn't converged yet.
  warnings.warn(
C:\Users\meloy\PycharmProjects\spectral-select\.venv\Lib\site-packages\sklearn\neural_network\_multilayer_perceptron.py:785: ConvergenceWarning: Stochastic Optimizer: Maximum iterations (250) reached and the optimization hasn't converged yet.
  warnings.warn(
C:\Users\meloy\PycharmProjects\spectral-select\.venv\Lib\site-packages\sklearn\neural_network\_multilayer_perceptron.py:785: ConvergenceWarning: Stochastic Optimizer: Maximum iterations (250) reached and the optimization hasn't converged yet.
  warnings.warn(
C:\Users\meloy\PycharmProjects\spectral-select\.venv\Lib\site-packages\sklearn\neural_network\_multilayer_perceptron.py:785: ConvergenceWarning: Stochastic Optimizer: Maximum iterations (250) reached and the optimization hasn't converged yet.
  warnings.warn(
C:\Users\meloy\PycharmProjects\spectral-select\.venv\Lib\site-packages\sklearn\neural_network\_multilayer_perceptron.py:785: ConvergenceWarning: Stochastic Optimizer: Maximum iterations (250) reached and the optimization hasn't converged yet.
  warnings.warn(
C:\Users\meloy\PycharmProjects\spectral-select\.venv\Lib\site-packages\sklearn\neural_network\_multilayer_perceptron.py:785: ConvergenceWarning: Stochastic Optimizer: Maximum iterations (250) reached and the optimization hasn't converged yet.
  warnings.warn(
C:\Users\meloy\PycharmProjects\spectral-select\.venv\Lib\site-packages\sklearn\neural_network\_multilayer_perceptron.py:785: ConvergenceWarning: Stochastic Optimizer: Maximum iterations (250) reached and the optimization hasn't converged yet.
  warnings.warn(
C:\Users\meloy\PycharmProjects\spectral-select\.venv\Lib\site-packages\sklearn\neural_network\_multilayer_perceptron.py:785: ConvergenceWarning: Stochastic Optimizer: Maximum iterations (250) reached and the optimization hasn't converged yet.
  warnings.warn(
C:\Users\meloy\PycharmProjects\spectral-select\.venv\Lib\site-packages\sklearn\neural_network\_multilayer_perceptron.py:785: ConvergenceWarning: Stochastic Optimizer: Maximum iterations (250) reached and the optimization hasn't converged yet.
  warnings.warn(
C:\Users\meloy\PycharmProjects\spectral-select\.venv\Lib\site-packages\sklearn\neural_network\_multilayer_perceptron.py:785: ConvergenceWarning: Stochastic Optimizer: Maximum iterations (250) reached and the optimization hasn't converged yet.
  warnings.warn(
C:\Users\meloy\PycharmProjects\spectral-select\.venv\Lib\site-packages\sklearn\neural_network\_multilayer_perceptron.py:785: ConvergenceWarning: Stochastic Optimizer: Maximum iterations (250) reached and the optimization hasn't converged yet.
  warnings.warn(
C:\Users\meloy\PycharmProjects\spectral-select\.venv\Lib\site-packages\sklearn\neural_network\_multilayer_perceptron.py:785: ConvergenceWarning: Stochastic Optimizer: Maximum iterations (250) reached and the optimization hasn't converged yet.
  warnings.warn(
C:\Users\meloy\PycharmProjects\spectral-select\.venv\Lib\site-packages\sklearn\neural_network\_multilayer_perceptron.py:785: ConvergenceWarning: Stochastic Optimizer: Maximum iterations (250) reached and the optimization hasn't converged yet.
  warnings.warn(
C:\Users\meloy\PycharmProjects\spectral-select\.venv\Lib\site-packages\sklearn\neural_network\_multilayer_perceptron.py:785: ConvergenceWarning: Stochastic Optimizer: Maximum iterations (250) reached and the optimization hasn't converged yet.
  warnings.warn(
C:\Users\meloy\PycharmProjects\spectral-select\.venv\Lib\site-packages\sklearn\neural_network\_multilayer_perceptron.py:785: ConvergenceWarning: Stochastic Optimizer: Maximum iterations (250) reached and the optimization hasn't converged yet.
  warnings.warn(
C:\Users\meloy\PycharmProjects\spectral-select\.venv\Lib\site-packages\sklearn\neural_network\_multilayer_perceptron.py:785: ConvergenceWarning: Stochastic Optimizer: Maximum iterations (250) reached and the optimization hasn't converged yet.
  warnings.warn(
C:\Users\meloy\PycharmProjects\spectral-select\.venv\Lib\site-packages\sklearn\neural_network\_multilayer_perceptron.py:785: ConvergenceWarning: Stochastic Optimizer: Maximum iterations (250) reached and the optimization hasn't converged yet.
  warnings.warn(
C:\Users\meloy\PycharmProjects\spectral-select\.venv\Lib\site-packages\sklearn\neural_network\_multilayer_perceptron.py:785: ConvergenceWarning: Stochastic Optimizer: Maximum iterations (250) reached and the optimization hasn't converged yet.
  warnings.warn(
C:\Users\meloy\PycharmProjects\spectral-select\.venv\Lib\site-packages\sklearn\neural_network\_multilayer_perceptron.py:785: ConvergenceWarning: Stochastic Optimizer: Maximum iterations (250) reached and the optimization hasn't converged yet.
  warnings.warn(
C:\Users\meloy\PycharmProjects\spectral-select\.venv\Lib\site-packages\sklearn\neural_network\_multilayer_perceptron.py:785: ConvergenceWarning: Stochastic Optimizer: Maximum iterations (250) reached and the optimization hasn't converged yet.
  warnings.warn(
C:\Users\meloy\PycharmProjects\spectral-select\.venv\Lib\site-packages\sklearn\neural_network\_multilayer_perceptron.py:785: ConvergenceWarning: Stochastic Optimizer: Maximum iterations (250) reached and the optimization hasn't converged yet.
  warnings.warn(
C:\Users\meloy\PycharmProjects\spectral-select\.venv\Lib\site-packages\sklearn\neural_network\_multilayer_perceptron.py:785: ConvergenceWarning: Stochastic Optimizer: Maximum iterations (250) reached and the optimization hasn't converged yet.
  warnings.warn(
C:\Users\meloy\PycharmProjects\spectral-select\.venv\Lib\site-packages\sklearn\neural_network\_multilayer_perceptron.py:785: ConvergenceWarning: Stochastic Optimizer: Maximum iterations (250) reached and the optimization hasn't converged yet.
  warnings.warn(
C:\Users\meloy\PycharmProjects\spectral-select\.venv\Lib\site-packages\sklearn\neural_network\_multilayer_perceptron.py:785: ConvergenceWarning: Stochastic Optimizer: Maximum iterations (250) reached and the optimization hasn't converged yet.
  warnings.warn(
C:\Users\meloy\PycharmProjects\spectral-select\.venv\Lib\site-packages\sklearn\neural_network\_multilayer_perceptron.py:785: ConvergenceWarning: Stochastic Optimizer: Maximum iterations (250) reached and the optimization hasn't converged yet.
  warnings.warn(
  labels/class= 25: full=0.555  PCA=0.522  AE=0.535  fewF-raw=0.516  fewF-den=0.513  AE+den=0.525  oracle*=0.560
            Δvs full: fewF-raw=-0.038 fewF-den=-0.042 AE+den=-0.030 | beats full: ['oracle*']
C:\Users\meloy\PycharmProjects\spectral-select\.venv\Lib\site-packages\sklearn\neural_network\_multilayer_perceptron.py:785: ConvergenceWarning: Stochastic Optimizer: Maximum iterations (250) reached and the optimization hasn't converged yet.
  warnings.warn(
C:\Users\meloy\PycharmProjects\spectral-select\.venv\Lib\site-packages\sklearn\neural_network\_multilayer_perceptron.py:785: ConvergenceWarning: Stochastic Optimizer: Maximum iterations (250) reached and the optimization hasn't converged yet.
  warnings.warn(
C:\Users\meloy\PycharmProjects\spectral-select\.venv\Lib\site-packages\sklearn\neural_network\_multilayer_perceptron.py:785: ConvergenceWarning: Stochastic Optimizer: Maximum iterations (250) reached and the optimization hasn't converged yet.
  warnings.warn(
C:\Users\meloy\PycharmProjects\spectral-select\.venv\Lib\site-packages\sklearn\neural_network\_multilayer_perceptron.py:785: ConvergenceWarning: Stochastic Optimizer: Maximum iterations (250) reached and the optimization hasn't converged yet.
  warnings.warn(
C:\Users\meloy\PycharmProjects\spectral-select\.venv\Lib\site-packages\sklearn\neural_network\_multilayer_perceptron.py:785: ConvergenceWarning: Stochastic Optimizer: Maximum iterations (250) reached and the optimization hasn't converged yet.
  warnings.warn(
C:\Users\meloy\PycharmProjects\spectral-select\.venv\Lib\site-packages\sklearn\neural_network\_multilayer_perceptron.py:785: ConvergenceWarning: Stochastic Optimizer: Maximum iterations (250) reached and the optimization hasn't converged yet.
  warnings.warn(
C:\Users\meloy\PycharmProjects\spectral-select\.venv\Lib\site-packages\sklearn\neural_network\_multilayer_perceptron.py:785: ConvergenceWarning: Stochastic Optimizer: Maximum iterations (250) reached and the optimization hasn't converged yet.
  warnings.warn(
C:\Users\meloy\PycharmProjects\spectral-select\.venv\Lib\site-packages\sklearn\neural_network\_multilayer_perceptron.py:785: ConvergenceWarning: Stochastic Optimizer: Maximum iterations (250) reached and the optimization hasn't converged yet.
  warnings.warn(
C:\Users\meloy\PycharmProjects\spectral-select\.venv\Lib\site-packages\sklearn\neural_network\_multilayer_perceptron.py:785: ConvergenceWarning: Stochastic Optimizer: Maximum iterations (250) reached and the optimization hasn't converged yet.
  warnings.warn(
C:\Users\meloy\PycharmProjects\spectral-select\.venv\Lib\site-packages\sklearn\neural_network\_multilayer_perceptron.py:785: ConvergenceWarning: Stochastic Optimizer: Maximum iterations (250) reached and the optimization hasn't converged yet.
  warnings.warn(
C:\Users\meloy\PycharmProjects\spectral-select\.venv\Lib\site-packages\sklearn\neural_network\_multilayer_perceptron.py:785: ConvergenceWarning: Stochastic Optimizer: Maximum iterations (250) reached and the optimization hasn't converged yet.
  warnings.warn(
C:\Users\meloy\PycharmProjects\spectral-select\.venv\Lib\site-packages\sklearn\neural_network\_multilayer_perceptron.py:785: ConvergenceWarning: Stochastic Optimizer: Maximum iterations (250) reached and the optimization hasn't converged yet.
  warnings.warn(
C:\Users\meloy\PycharmProjects\spectral-select\.venv\Lib\site-packages\sklearn\neural_network\_multilayer_perceptron.py:785: ConvergenceWarning: Stochastic Optimizer: Maximum iterations (250) reached and the optimization hasn't converged yet.
  warnings.warn(
C:\Users\meloy\PycharmProjects\spectral-select\.venv\Lib\site-packages\sklearn\neural_network\_multilayer_perceptron.py:785: ConvergenceWarning: Stochastic Optimizer: Maximum iterations (250) reached and the optimization hasn't converged yet.
  warnings.warn(
C:\Users\meloy\PycharmProjects\spectral-select\.venv\Lib\site-packages\sklearn\neural_network\_multilayer_perceptron.py:785: ConvergenceWarning: Stochastic Optimizer: Maximum iterations (250) reached and the optimization hasn't converged yet.
  warnings.warn(
C:\Users\meloy\PycharmProjects\spectral-select\.venv\Lib\site-packages\sklearn\neural_network\_multilayer_perceptron.py:785: ConvergenceWarning: Stochastic Optimizer: Maximum iterations (250) reached and the optimization hasn't converged yet.
  warnings.warn(
C:\Users\meloy\PycharmProjects\spectral-select\.venv\Lib\site-packages\sklearn\neural_network\_multilayer_perceptron.py:785: ConvergenceWarning: Stochastic Optimizer: Maximum iterations (250) reached and the optimization hasn't converged yet.
  warnings.warn(
C:\Users\meloy\PycharmProjects\spectral-select\.venv\Lib\site-packages\sklearn\neural_network\_multilayer_perceptron.py:785: ConvergenceWarning: Stochastic Optimizer: Maximum iterations (250) reached and the optimization hasn't converged yet.
  warnings.warn(
C:\Users\meloy\PycharmProjects\spectral-select\.venv\Lib\site-packages\sklearn\neural_network\_multilayer_perceptron.py:785: ConvergenceWarning: Stochastic Optimizer: Maximum iterations (250) reached and the optimization hasn't converged yet.
  warnings.warn(
C:\Users\meloy\PycharmProjects\spectral-select\.venv\Lib\site-packages\sklearn\neural_network\_multilayer_perceptron.py:785: ConvergenceWarning: Stochastic Optimizer: Maximum iterations (250) reached and the optimization hasn't converged yet.
  warnings.warn(
C:\Users\meloy\PycharmProjects\spectral-select\.venv\Lib\site-packages\sklearn\neural_network\_multilayer_perceptron.py:785: ConvergenceWarning: Stochastic Optimizer: Maximum iterations (250) reached and the optimization hasn't converged yet.
  warnings.warn(
C:\Users\meloy\PycharmProjects\spectral-select\.venv\Lib\site-packages\sklearn\neural_network\_multilayer_perceptron.py:785: ConvergenceWarning: Stochastic Optimizer: Maximum iterations (250) reached and the optimization hasn't converged yet.
  warnings.warn(
C:\Users\meloy\PycharmProjects\spectral-select\.venv\Lib\site-packages\sklearn\neural_network\_multilayer_perceptron.py:785: ConvergenceWarning: Stochastic Optimizer: Maximum iterations (250) reached and the optimization hasn't converged yet.
  warnings.warn(
C:\Users\meloy\PycharmProjects\spectral-select\.venv\Lib\site-packages\sklearn\neural_network\_multilayer_perceptron.py:785: ConvergenceWarning: Stochastic Optimizer: Maximum iterations (250) reached and the optimization hasn't converged yet.
  warnings.warn(
C:\Users\meloy\PycharmProjects\spectral-select\.venv\Lib\site-packages\sklearn\neural_network\_multilayer_perceptron.py:785: ConvergenceWarning: Stochastic Optimizer: Maximum iterations (250) reached and the optimization hasn't converged yet.
  warnings.warn(
C:\Users\meloy\PycharmProjects\spectral-select\.venv\Lib\site-packages\sklearn\neural_network\_multilayer_perceptron.py:785: ConvergenceWarning: Stochastic Optimizer: Maximum iterations (250) reached and the optimization hasn't converged yet.
  warnings.warn(
C:\Users\meloy\PycharmProjects\spectral-select\.venv\Lib\site-packages\sklearn\neural_network\_multilayer_perceptron.py:785: ConvergenceWarning: Stochastic Optimizer: Maximum iterations (250) reached and the optimization hasn't converged yet.
  warnings.warn(
C:\Users\meloy\PycharmProjects\spectral-select\.venv\Lib\site-packages\sklearn\neural_network\_multilayer_perceptron.py:785: ConvergenceWarning: Stochastic Optimizer: Maximum iterations (250) reached and the optimization hasn't converged yet.
  warnings.warn(
C:\Users\meloy\PycharmProjects\spectral-select\.venv\Lib\site-packages\sklearn\neural_network\_multilayer_perceptron.py:785: ConvergenceWarning: Stochastic Optimizer: Maximum iterations (250) reached and the optimization hasn't converged yet.
  warnings.warn(
C:\Users\meloy\PycharmProjects\spectral-select\.venv\Lib\site-packages\sklearn\neural_network\_multilayer_perceptron.py:785: ConvergenceWarning: Stochastic Optimizer: Maximum iterations (250) reached and the optimization hasn't converged yet.
  warnings.warn(
C:\Users\meloy\PycharmProjects\spectral-select\.venv\Lib\site-packages\sklearn\neural_network\_multilayer_perceptron.py:785: ConvergenceWarning: Stochastic Optimizer: Maximum iterations (250) reached and the optimization hasn't converged yet.
  warnings.warn(
C:\Users\meloy\PycharmProjects\spectral-select\.venv\Lib\site-packages\sklearn\neural_network\_multilayer_perceptron.py:785: ConvergenceWarning: Stochastic Optimizer: Maximum iterations (250) reached and the optimization hasn't converged yet.
  warnings.warn(
C:\Users\meloy\PycharmProjects\spectral-select\.venv\Lib\site-packages\sklearn\neural_network\_multilayer_perceptron.py:785: ConvergenceWarning: Stochastic Optimizer: Maximum iterations (250) reached and the optimization hasn't converged yet.
  warnings.warn(
C:\Users\meloy\PycharmProjects\spectral-select\.venv\Lib\site-packages\sklearn\neural_network\_multilayer_perceptron.py:785: ConvergenceWarning: Stochastic Optimizer: Maximum iterations (250) reached and the optimization hasn't converged yet.
  warnings.warn(
C:\Users\meloy\PycharmProjects\spectral-select\.venv\Lib\site-packages\sklearn\neural_network\_multilayer_perceptron.py:785: ConvergenceWarning: Stochastic Optimizer: Maximum iterations (250) reached and the optimization hasn't converged yet.
  warnings.warn(
C:\Users\meloy\PycharmProjects\spectral-select\.venv\Lib\site-packages\sklearn\neural_network\_multilayer_perceptron.py:785: ConvergenceWarning: Stochastic Optimizer: Maximum iterations (250) reached and the optimization hasn't converged yet.
  warnings.warn(
C:\Users\meloy\PycharmProjects\spectral-select\.venv\Lib\site-packages\sklearn\neural_network\_multilayer_perceptron.py:785: ConvergenceWarning: Stochastic Optimizer: Maximum iterations (250) reached and the optimization hasn't converged yet.
  warnings.warn(
C:\Users\meloy\PycharmProjects\spectral-select\.venv\Lib\site-packages\sklearn\neural_network\_multilayer_perceptron.py:785: ConvergenceWarning: Stochastic Optimizer: Maximum iterations (250) reached and the optimization hasn't converged yet.
  warnings.warn(
C:\Users\meloy\PycharmProjects\spectral-select\.venv\Lib\site-packages\sklearn\neural_network\_multilayer_perceptron.py:785: ConvergenceWarning: Stochastic Optimizer: Maximum iterations (250) reached and the optimization hasn't converged yet.
  warnings.warn(
C:\Users\meloy\PycharmProjects\spectral-select\.venv\Lib\site-packages\sklearn\neural_network\_multilayer_perceptron.py:785: ConvergenceWarning: Stochastic Optimizer: Maximum iterations (250) reached and the optimization hasn't converged yet.
  warnings.warn(
C:\Users\meloy\PycharmProjects\spectral-select\.venv\Lib\site-packages\sklearn\neural_network\_multilayer_perceptron.py:785: ConvergenceWarning: Stochastic Optimizer: Maximum iterations (250) reached and the optimization hasn't converged yet.
  warnings.warn(
C:\Users\meloy\PycharmProjects\spectral-select\.venv\Lib\site-packages\sklearn\neural_network\_multilayer_perceptron.py:785: ConvergenceWarning: Stochastic Optimizer: Maximum iterations (250) reached and the optimization hasn't converged yet.
  warnings.warn(
C:\Users\meloy\PycharmProjects\spectral-select\.venv\Lib\site-packages\sklearn\neural_network\_multilayer_perceptron.py:785: ConvergenceWarning: Stochastic Optimizer: Maximum iterations (250) reached and the optimization hasn't converged yet.
  warnings.warn(
C:\Users\meloy\PycharmProjects\spectral-select\.venv\Lib\site-packages\sklearn\neural_network\_multilayer_perceptron.py:785: ConvergenceWarning: Stochastic Optimizer: Maximum iterations (250) reached and the optimization hasn't converged yet.
  warnings.warn(
C:\Users\meloy\PycharmProjects\spectral-select\.venv\Lib\site-packages\sklearn\neural_network\_multilayer_perceptron.py:785: ConvergenceWarning: Stochastic Optimizer: Maximum iterations (250) reached and the optimization hasn't converged yet.
  warnings.warn(
C:\Users\meloy\PycharmProjects\spectral-select\.venv\Lib\site-packages\sklearn\neural_network\_multilayer_perceptron.py:785: ConvergenceWarning: Stochastic Optimizer: Maximum iterations (250) reached and the optimization hasn't converged yet.
  warnings.warn(
C:\Users\meloy\PycharmProjects\spectral-select\.venv\Lib\site-packages\sklearn\neural_network\_multilayer_perceptron.py:785: ConvergenceWarning: Stochastic Optimizer: Maximum iterations (250) reached and the optimization hasn't converged yet.
  warnings.warn(
C:\Users\meloy\PycharmProjects\spectral-select\.venv\Lib\site-packages\sklearn\neural_network\_multilayer_perceptron.py:785: ConvergenceWarning: Stochastic Optimizer: Maximum iterations (250) reached and the optimization hasn't converged yet.
  warnings.warn(
C:\Users\meloy\PycharmProjects\spectral-select\.venv\Lib\site-packages\sklearn\neural_network\_multilayer_perceptron.py:785: ConvergenceWarning: Stochastic Optimizer: Maximum iterations (250) reached and the optimization hasn't converged yet.
  warnings.warn(
C:\Users\meloy\PycharmProjects\spectral-select\.venv\Lib\site-packages\sklearn\neural_network\_multilayer_perceptron.py:785: ConvergenceWarning: Stochastic Optimizer: Maximum iterations (250) reached and the optimization hasn't converged yet.
  warnings.warn(
C:\Users\meloy\PycharmProjects\spectral-select\.venv\Lib\site-packages\sklearn\neural_network\_multilayer_perceptron.py:785: ConvergenceWarning: Stochastic Optimizer: Maximum iterations (250) reached and the optimization hasn't converged yet.
  warnings.warn(
C:\Users\meloy\PycharmProjects\spectral-select\.venv\Lib\site-packages\sklearn\neural_network\_multilayer_perceptron.py:785: ConvergenceWarning: Stochastic Optimizer: Maximum iterations (250) reached and the optimization hasn't converged yet.
  warnings.warn(
C:\Users\meloy\PycharmProjects\spectral-select\.venv\Lib\site-packages\sklearn\neural_network\_multilayer_perceptron.py:785: ConvergenceWarning: Stochastic Optimizer: Maximum iterations (250) reached and the optimization hasn't converged yet.
  warnings.warn(
C:\Users\meloy\PycharmProjects\spectral-select\.venv\Lib\site-packages\sklearn\neural_network\_multilayer_perceptron.py:785: ConvergenceWarning: Stochastic Optimizer: Maximum iterations (250) reached and the optimization hasn't converged yet.
  warnings.warn(
C:\Users\meloy\PycharmProjects\spectral-select\.venv\Lib\site-packages\sklearn\neural_network\_multilayer_perceptron.py:785: ConvergenceWarning: Stochastic Optimizer: Maximum iterations (250) reached and the optimization hasn't converged yet.
  warnings.warn(
C:\Users\meloy\PycharmProjects\spectral-select\.venv\Lib\site-packages\sklearn\neural_network\_multilayer_perceptron.py:785: ConvergenceWarning: Stochastic Optimizer: Maximum iterations (250) reached and the optimization hasn't converged yet.
  warnings.warn(
C:\Users\meloy\PycharmProjects\spectral-select\.venv\Lib\site-packages\sklearn\neural_network\_multilayer_perceptron.py:785: ConvergenceWarning: Stochastic Optimizer: Maximum iterations (250) reached and the optimization hasn't converged yet.
  warnings.warn(
C:\Users\meloy\PycharmProjects\spectral-select\.venv\Lib\site-packages\sklearn\neural_network\_multilayer_perceptron.py:785: ConvergenceWarning: Stochastic Optimizer: Maximum iterations (250) reached and the optimization hasn't converged yet.
  warnings.warn(
C:\Users\meloy\PycharmProjects\spectral-select\.venv\Lib\site-packages\sklearn\neural_network\_multilayer_perceptron.py:785: ConvergenceWarning: Stochastic Optimizer: Maximum iterations (250) reached and the optimization hasn't converged yet.
  warnings.warn(
C:\Users\meloy\PycharmProjects\spectral-select\.venv\Lib\site-packages\sklearn\neural_network\_multilayer_perceptron.py:785: ConvergenceWarning: Stochastic Optimizer: Maximum iterations (250) reached and the optimization hasn't converged yet.
  warnings.warn(
  labels/class= 40: full=0.670  PCA=0.597  AE=0.614  fewF-raw=0.593  fewF-den=0.607  AE+den=0.600  oracle*=0.636
            Δvs full: fewF-raw=-0.077 fewF-den=-0.064 AE+den=-0.070 | beats full: none

### L5-severe (clutter=4.5x44)
C:\Users\meloy\PycharmProjects\spectral-select\.venv\Lib\site-packages\sklearn\neural_network\_multilayer_perceptron.py:785: ConvergenceWarning: Stochastic Optimizer: Maximum iterations (250) reached and the optimization hasn't converged yet.
  warnings.warn(
C:\Users\meloy\PycharmProjects\spectral-select\.venv\Lib\site-packages\sklearn\neural_network\_multilayer_perceptron.py:785: ConvergenceWarning: Stochastic Optimizer: Maximum iterations (250) reached and the optimization hasn't converged yet.
  warnings.warn(
C:\Users\meloy\PycharmProjects\spectral-select\.venv\Lib\site-packages\sklearn\neural_network\_multilayer_perceptron.py:785: ConvergenceWarning: Stochastic Optimizer: Maximum iterations (250) reached and the optimization hasn't converged yet.
  warnings.warn(
C:\Users\meloy\PycharmProjects\spectral-select\.venv\Lib\site-packages\sklearn\neural_network\_multilayer_perceptron.py:785: ConvergenceWarning: Stochastic Optimizer: Maximum iterations (250) reached and the optimization hasn't converged yet.
  warnings.warn(
C:\Users\meloy\PycharmProjects\spectral-select\.venv\Lib\site-packages\sklearn\neural_network\_multilayer_perceptron.py:785: ConvergenceWarning: Stochastic Optimizer: Maximum iterations (250) reached and the optimization hasn't converged yet.
  warnings.warn(
C:\Users\meloy\PycharmProjects\spectral-select\.venv\Lib\site-packages\sklearn\neural_network\_multilayer_perceptron.py:785: ConvergenceWarning: Stochastic Optimizer: Maximum iterations (250) reached and the optimization hasn't converged yet.
  warnings.warn(
C:\Users\meloy\PycharmProjects\spectral-select\.venv\Lib\site-packages\sklearn\neural_network\_multilayer_perceptron.py:785: ConvergenceWarning: Stochastic Optimizer: Maximum iterations (250) reached and the optimization hasn't converged yet.
  warnings.warn(
C:\Users\meloy\PycharmProjects\spectral-select\.venv\Lib\site-packages\sklearn\neural_network\_multilayer_perceptron.py:785: ConvergenceWarning: Stochastic Optimizer: Maximum iterations (250) reached and the optimization hasn't converged yet.
  warnings.warn(
C:\Users\meloy\PycharmProjects\spectral-select\.venv\Lib\site-packages\sklearn\neural_network\_multilayer_perceptron.py:785: ConvergenceWarning: Stochastic Optimizer: Maximum iterations (250) reached and the optimization hasn't converged yet.
  warnings.warn(
C:\Users\meloy\PycharmProjects\spectral-select\.venv\Lib\site-packages\sklearn\neural_network\_multilayer_perceptron.py:785: ConvergenceWarning: Stochastic Optimizer: Maximum iterations (250) reached and the optimization hasn't converged yet.
  warnings.warn(
C:\Users\meloy\PycharmProjects\spectral-select\.venv\Lib\site-packages\sklearn\neural_network\_multilayer_perceptron.py:785: ConvergenceWarning: Stochastic Optimizer: Maximum iterations (250) reached and the optimization hasn't converged yet.
  warnings.warn(
C:\Users\meloy\PycharmProjects\spectral-select\.venv\Lib\site-packages\sklearn\neural_network\_multilayer_perceptron.py:785: ConvergenceWarning: Stochastic Optimizer: Maximum iterations (250) reached and the optimization hasn't converged yet.
  warnings.warn(
C:\Users\meloy\PycharmProjects\spectral-select\.venv\Lib\site-packages\sklearn\neural_network\_multilayer_perceptron.py:785: ConvergenceWarning: Stochastic Optimizer: Maximum iterations (250) reached and the optimization hasn't converged yet.
  warnings.warn(
C:\Users\meloy\PycharmProjects\spectral-select\.venv\Lib\site-packages\sklearn\neural_network\_multilayer_perceptron.py:785: ConvergenceWarning: Stochastic Optimizer: Maximum iterations (250) reached and the optimization hasn't converged yet.
  warnings.warn(
C:\Users\meloy\PycharmProjects\spectral-select\.venv\Lib\site-packages\sklearn\neural_network\_multilayer_perceptron.py:785: ConvergenceWarning: Stochastic Optimizer: Maximum iterations (250) reached and the optimization hasn't converged yet.
  warnings.warn(
C:\Users\meloy\PycharmProjects\spectral-select\.venv\Lib\site-packages\sklearn\neural_network\_multilayer_perceptron.py:785: ConvergenceWarning: Stochastic Optimizer: Maximum iterations (250) reached and the optimization hasn't converged yet.
  warnings.warn(
C:\Users\meloy\PycharmProjects\spectral-select\.venv\Lib\site-packages\sklearn\neural_network\_multilayer_perceptron.py:785: ConvergenceWarning: Stochastic Optimizer: Maximum iterations (250) reached and the optimization hasn't converged yet.
  warnings.warn(
C:\Users\meloy\PycharmProjects\spectral-select\.venv\Lib\site-packages\sklearn\neural_network\_multilayer_perceptron.py:785: ConvergenceWarning: Stochastic Optimizer: Maximum iterations (250) reached and the optimization hasn't converged yet.
  warnings.warn(
C:\Users\meloy\PycharmProjects\spectral-select\.venv\Lib\site-packages\sklearn\neural_network\_multilayer_perceptron.py:785: ConvergenceWarning: Stochastic Optimizer: Maximum iterations (250) reached and the optimization hasn't converged yet.
  warnings.warn(
C:\Users\meloy\PycharmProjects\spectral-select\.venv\Lib\site-packages\sklearn\neural_network\_multilayer_perceptron.py:785: ConvergenceWarning: Stochastic Optimizer: Maximum iterations (250) reached and the optimization hasn't converged yet.
  warnings.warn(
C:\Users\meloy\PycharmProjects\spectral-select\.venv\Lib\site-packages\sklearn\neural_network\_multilayer_perceptron.py:785: ConvergenceWarning: Stochastic Optimizer: Maximum iterations (250) reached and the optimization hasn't converged yet.
  warnings.warn(
C:\Users\meloy\PycharmProjects\spectral-select\.venv\Lib\site-packages\sklearn\neural_network\_multilayer_perceptron.py:785: ConvergenceWarning: Stochastic Optimizer: Maximum iterations (250) reached and the optimization hasn't converged yet.
  warnings.warn(
C:\Users\meloy\PycharmProjects\spectral-select\.venv\Lib\site-packages\sklearn\neural_network\_multilayer_perceptron.py:785: ConvergenceWarning: Stochastic Optimizer: Maximum iterations (250) reached and the optimization hasn't converged yet.
  warnings.warn(
C:\Users\meloy\PycharmProjects\spectral-select\.venv\Lib\site-packages\sklearn\neural_network\_multilayer_perceptron.py:785: ConvergenceWarning: Stochastic Optimizer: Maximum iterations (250) reached and the optimization hasn't converged yet.
  warnings.warn(
C:\Users\meloy\PycharmProjects\spectral-select\.venv\Lib\site-packages\sklearn\neural_network\_multilayer_perceptron.py:785: ConvergenceWarning: Stochastic Optimizer: Maximum iterations (250) reached and the optimization hasn't converged yet.
  warnings.warn(
C:\Users\meloy\PycharmProjects\spectral-select\.venv\Lib\site-packages\sklearn\neural_network\_multilayer_perceptron.py:785: ConvergenceWarning: Stochastic Optimizer: Maximum iterations (250) reached and the optimization hasn't converged yet.
  warnings.warn(
C:\Users\meloy\PycharmProjects\spectral-select\.venv\Lib\site-packages\sklearn\neural_network\_multilayer_perceptron.py:785: ConvergenceWarning: Stochastic Optimizer: Maximum iterations (250) reached and the optimization hasn't converged yet.
  warnings.warn(
C:\Users\meloy\PycharmProjects\spectral-select\.venv\Lib\site-packages\sklearn\neural_network\_multilayer_perceptron.py:785: ConvergenceWarning: Stochastic Optimizer: Maximum iterations (250) reached and the optimization hasn't converged yet.
  warnings.warn(
C:\Users\meloy\PycharmProjects\spectral-select\.venv\Lib\site-packages\sklearn\neural_network\_multilayer_perceptron.py:785: ConvergenceWarning: Stochastic Optimizer: Maximum iterations (250) reached and the optimization hasn't converged yet.
  warnings.warn(
C:\Users\meloy\PycharmProjects\spectral-select\.venv\Lib\site-packages\sklearn\neural_network\_multilayer_perceptron.py:785: ConvergenceWarning: Stochastic Optimizer: Maximum iterations (250) reached and the optimization hasn't converged yet.
  warnings.warn(
C:\Users\meloy\PycharmProjects\spectral-select\.venv\Lib\site-packages\sklearn\neural_network\_multilayer_perceptron.py:785: ConvergenceWarning: Stochastic Optimizer: Maximum iterations (250) reached and the optimization hasn't converged yet.
  warnings.warn(
C:\Users\meloy\PycharmProjects\spectral-select\.venv\Lib\site-packages\sklearn\neural_network\_multilayer_perceptron.py:785: ConvergenceWarning: Stochastic Optimizer: Maximum iterations (250) reached and the optimization hasn't converged yet.
  warnings.warn(
C:\Users\meloy\PycharmProjects\spectral-select\.venv\Lib\site-packages\sklearn\neural_network\_multilayer_perceptron.py:785: ConvergenceWarning: Stochastic Optimizer: Maximum iterations (250) reached and the optimization hasn't converged yet.
  warnings.warn(
C:\Users\meloy\PycharmProjects\spectral-select\.venv\Lib\site-packages\sklearn\neural_network\_multilayer_perceptron.py:785: ConvergenceWarning: Stochastic Optimizer: Maximum iterations (250) reached and the optimization hasn't converged yet.
  warnings.warn(
C:\Users\meloy\PycharmProjects\spectral-select\.venv\Lib\site-packages\sklearn\neural_network\_multilayer_perceptron.py:785: ConvergenceWarning: Stochastic Optimizer: Maximum iterations (250) reached and the optimization hasn't converged yet.
  warnings.warn(
C:\Users\meloy\PycharmProjects\spectral-select\.venv\Lib\site-packages\sklearn\neural_network\_multilayer_perceptron.py:785: ConvergenceWarning: Stochastic Optimizer: Maximum iterations (250) reached and the optimization hasn't converged yet.
  warnings.warn(
C:\Users\meloy\PycharmProjects\spectral-select\.venv\Lib\site-packages\sklearn\neural_network\_multilayer_perceptron.py:785: ConvergenceWarning: Stochastic Optimizer: Maximum iterations (250) reached and the optimization hasn't converged yet.
  warnings.warn(
C:\Users\meloy\PycharmProjects\spectral-select\.venv\Lib\site-packages\sklearn\neural_network\_multilayer_perceptron.py:785: ConvergenceWarning: Stochastic Optimizer: Maximum iterations (250) reached and the optimization hasn't converged yet.
  warnings.warn(
C:\Users\meloy\PycharmProjects\spectral-select\.venv\Lib\site-packages\sklearn\neural_network\_multilayer_perceptron.py:785: ConvergenceWarning: Stochastic Optimizer: Maximum iterations (250) reached and the optimization hasn't converged yet.
  warnings.warn(
C:\Users\meloy\PycharmProjects\spectral-select\.venv\Lib\site-packages\sklearn\neural_network\_multilayer_perceptron.py:785: ConvergenceWarning: Stochastic Optimizer: Maximum iterations (250) reached and the optimization hasn't converged yet.
  warnings.warn(
C:\Users\meloy\PycharmProjects\spectral-select\.venv\Lib\site-packages\sklearn\neural_network\_multilayer_perceptron.py:785: ConvergenceWarning: Stochastic Optimizer: Maximum iterations (250) reached and the optimization hasn't converged yet.
  warnings.warn(
C:\Users\meloy\PycharmProjects\spectral-select\.venv\Lib\site-packages\sklearn\neural_network\_multilayer_perceptron.py:785: ConvergenceWarning: Stochastic Optimizer: Maximum iterations (250) reached and the optimization hasn't converged yet.
  warnings.warn(
C:\Users\meloy\PycharmProjects\spectral-select\.venv\Lib\site-packages\sklearn\neural_network\_multilayer_perceptron.py:785: ConvergenceWarning: Stochastic Optimizer: Maximum iterations (250) reached and the optimization hasn't converged yet.
  warnings.warn(
C:\Users\meloy\PycharmProjects\spectral-select\.venv\Lib\site-packages\sklearn\neural_network\_multilayer_perceptron.py:785: ConvergenceWarning: Stochastic Optimizer: Maximum iterations (250) reached and the optimization hasn't converged yet.
  warnings.warn(
C:\Users\meloy\PycharmProjects\spectral-select\.venv\Lib\site-packages\sklearn\neural_network\_multilayer_perceptron.py:785: ConvergenceWarning: Stochastic Optimizer: Maximum iterations (250) reached and the optimization hasn't converged yet.
  warnings.warn(
C:\Users\meloy\PycharmProjects\spectral-select\.venv\Lib\site-packages\sklearn\neural_network\_multilayer_perceptron.py:785: ConvergenceWarning: Stochastic Optimizer: Maximum iterations (250) reached and the optimization hasn't converged yet.
  warnings.warn(
C:\Users\meloy\PycharmProjects\spectral-select\.venv\Lib\site-packages\sklearn\neural_network\_multilayer_perceptron.py:785: ConvergenceWarning: Stochastic Optimizer: Maximum iterations (250) reached and the optimization hasn't converged yet.
  warnings.warn(
C:\Users\meloy\PycharmProjects\spectral-select\.venv\Lib\site-packages\sklearn\neural_network\_multilayer_perceptron.py:785: ConvergenceWarning: Stochastic Optimizer: Maximum iterations (250) reached and the optimization hasn't converged yet.
  warnings.warn(
C:\Users\meloy\PycharmProjects\spectral-select\.venv\Lib\site-packages\sklearn\neural_network\_multilayer_perceptron.py:785: ConvergenceWarning: Stochastic Optimizer: Maximum iterations (250) reached and the optimization hasn't converged yet.
  warnings.warn(
C:\Users\meloy\PycharmProjects\spectral-select\.venv\Lib\site-packages\sklearn\neural_network\_multilayer_perceptron.py:785: ConvergenceWarning: Stochastic Optimizer: Maximum iterations (250) reached and the optimization hasn't converged yet.
  warnings.warn(
C:\Users\meloy\PycharmProjects\spectral-select\.venv\Lib\site-packages\sklearn\neural_network\_multilayer_perceptron.py:785: ConvergenceWarning: Stochastic Optimizer: Maximum iterations (250) reached and the optimization hasn't converged yet.
  warnings.warn(
C:\Users\meloy\PycharmProjects\spectral-select\.venv\Lib\site-packages\sklearn\neural_network\_multilayer_perceptron.py:785: ConvergenceWarning: Stochastic Optimizer: Maximum iterations (250) reached and the optimization hasn't converged yet.
  warnings.warn(
C:\Users\meloy\PycharmProjects\spectral-select\.venv\Lib\site-packages\sklearn\neural_network\_multilayer_perceptron.py:785: ConvergenceWarning: Stochastic Optimizer: Maximum iterations (250) reached and the optimization hasn't converged yet.
  warnings.warn(
  labels/class=  6: full=0.407  PCA=0.404  AE=0.408  fewF-raw=0.400  fewF-den=0.391  AE+den=0.391  oracle*=0.454
            Δvs full: fewF-raw=-0.007 fewF-den=-0.016 AE+den=-0.017 | beats full: ['oracle*']
C:\Users\meloy\PycharmProjects\spectral-select\.venv\Lib\site-packages\sklearn\neural_network\_multilayer_perceptron.py:785: ConvergenceWarning: Stochastic Optimizer: Maximum iterations (250) reached and the optimization hasn't converged yet.
  warnings.warn(
C:\Users\meloy\PycharmProjects\spectral-select\.venv\Lib\site-packages\sklearn\neural_network\_multilayer_perceptron.py:785: ConvergenceWarning: Stochastic Optimizer: Maximum iterations (250) reached and the optimization hasn't converged yet.
  warnings.warn(
C:\Users\meloy\PycharmProjects\spectral-select\.venv\Lib\site-packages\sklearn\neural_network\_multilayer_perceptron.py:785: ConvergenceWarning: Stochastic Optimizer: Maximum iterations (250) reached and the optimization hasn't converged yet.
  warnings.warn(
C:\Users\meloy\PycharmProjects\spectral-select\.venv\Lib\site-packages\sklearn\neural_network\_multilayer_perceptron.py:785: ConvergenceWarning: Stochastic Optimizer: Maximum iterations (250) reached and the optimization hasn't converged yet.
  warnings.warn(
C:\Users\meloy\PycharmProjects\spectral-select\.venv\Lib\site-packages\sklearn\neural_network\_multilayer_perceptron.py:785: ConvergenceWarning: Stochastic Optimizer: Maximum iterations (250) reached and the optimization hasn't converged yet.
  warnings.warn(
C:\Users\meloy\PycharmProjects\spectral-select\.venv\Lib\site-packages\sklearn\neural_network\_multilayer_perceptron.py:785: ConvergenceWarning: Stochastic Optimizer: Maximum iterations (250) reached and the optimization hasn't converged yet.
  warnings.warn(
C:\Users\meloy\PycharmProjects\spectral-select\.venv\Lib\site-packages\sklearn\neural_network\_multilayer_perceptron.py:785: ConvergenceWarning: Stochastic Optimizer: Maximum iterations (250) reached and the optimization hasn't converged yet.
  warnings.warn(
C:\Users\meloy\PycharmProjects\spectral-select\.venv\Lib\site-packages\sklearn\neural_network\_multilayer_perceptron.py:785: ConvergenceWarning: Stochastic Optimizer: Maximum iterations (250) reached and the optimization hasn't converged yet.
  warnings.warn(
C:\Users\meloy\PycharmProjects\spectral-select\.venv\Lib\site-packages\sklearn\neural_network\_multilayer_perceptron.py:785: ConvergenceWarning: Stochastic Optimizer: Maximum iterations (250) reached and the optimization hasn't converged yet.
  warnings.warn(
C:\Users\meloy\PycharmProjects\spectral-select\.venv\Lib\site-packages\sklearn\neural_network\_multilayer_perceptron.py:785: ConvergenceWarning: Stochastic Optimizer: Maximum iterations (250) reached and the optimization hasn't converged yet.
  warnings.warn(
C:\Users\meloy\PycharmProjects\spectral-select\.venv\Lib\site-packages\sklearn\neural_network\_multilayer_perceptron.py:785: ConvergenceWarning: Stochastic Optimizer: Maximum iterations (250) reached and the optimization hasn't converged yet.
  warnings.warn(
C:\Users\meloy\PycharmProjects\spectral-select\.venv\Lib\site-packages\sklearn\neural_network\_multilayer_perceptron.py:785: ConvergenceWarning: Stochastic Optimizer: Maximum iterations (250) reached and the optimization hasn't converged yet.
  warnings.warn(
C:\Users\meloy\PycharmProjects\spectral-select\.venv\Lib\site-packages\sklearn\neural_network\_multilayer_perceptron.py:785: ConvergenceWarning: Stochastic Optimizer: Maximum iterations (250) reached and the optimization hasn't converged yet.
  warnings.warn(
C:\Users\meloy\PycharmProjects\spectral-select\.venv\Lib\site-packages\sklearn\neural_network\_multilayer_perceptron.py:785: ConvergenceWarning: Stochastic Optimizer: Maximum iterations (250) reached and the optimization hasn't converged yet.
  warnings.warn(
C:\Users\meloy\PycharmProjects\spectral-select\.venv\Lib\site-packages\sklearn\neural_network\_multilayer_perceptron.py:785: ConvergenceWarning: Stochastic Optimizer: Maximum iterations (250) reached and the optimization hasn't converged yet.
  warnings.warn(
C:\Users\meloy\PycharmProjects\spectral-select\.venv\Lib\site-packages\sklearn\neural_network\_multilayer_perceptron.py:785: ConvergenceWarning: Stochastic Optimizer: Maximum iterations (250) reached and the optimization hasn't converged yet.
  warnings.warn(
C:\Users\meloy\PycharmProjects\spectral-select\.venv\Lib\site-packages\sklearn\neural_network\_multilayer_perceptron.py:785: ConvergenceWarning: Stochastic Optimizer: Maximum iterations (250) reached and the optimization hasn't converged yet.
  warnings.warn(
C:\Users\meloy\PycharmProjects\spectral-select\.venv\Lib\site-packages\sklearn\neural_network\_multilayer_perceptron.py:785: ConvergenceWarning: Stochastic Optimizer: Maximum iterations (250) reached and the optimization hasn't converged yet.
  warnings.warn(
C:\Users\meloy\PycharmProjects\spectral-select\.venv\Lib\site-packages\sklearn\neural_network\_multilayer_perceptron.py:785: ConvergenceWarning: Stochastic Optimizer: Maximum iterations (250) reached and the optimization hasn't converged yet.
  warnings.warn(
C:\Users\meloy\PycharmProjects\spectral-select\.venv\Lib\site-packages\sklearn\neural_network\_multilayer_perceptron.py:785: ConvergenceWarning: Stochastic Optimizer: Maximum iterations (250) reached and the optimization hasn't converged yet.
  warnings.warn(
C:\Users\meloy\PycharmProjects\spectral-select\.venv\Lib\site-packages\sklearn\neural_network\_multilayer_perceptron.py:785: ConvergenceWarning: Stochastic Optimizer: Maximum iterations (250) reached and the optimization hasn't converged yet.
  warnings.warn(
C:\Users\meloy\PycharmProjects\spectral-select\.venv\Lib\site-packages\sklearn\neural_network\_multilayer_perceptron.py:785: ConvergenceWarning: Stochastic Optimizer: Maximum iterations (250) reached and the optimization hasn't converged yet.
  warnings.warn(
C:\Users\meloy\PycharmProjects\spectral-select\.venv\Lib\site-packages\sklearn\neural_network\_multilayer_perceptron.py:785: ConvergenceWarning: Stochastic Optimizer: Maximum iterations (250) reached and the optimization hasn't converged yet.
  warnings.warn(
C:\Users\meloy\PycharmProjects\spectral-select\.venv\Lib\site-packages\sklearn\neural_network\_multilayer_perceptron.py:785: ConvergenceWarning: Stochastic Optimizer: Maximum iterations (250) reached and the optimization hasn't converged yet.
  warnings.warn(
C:\Users\meloy\PycharmProjects\spectral-select\.venv\Lib\site-packages\sklearn\neural_network\_multilayer_perceptron.py:785: ConvergenceWarning: Stochastic Optimizer: Maximum iterations (250) reached and the optimization hasn't converged yet.
  warnings.warn(
C:\Users\meloy\PycharmProjects\spectral-select\.venv\Lib\site-packages\sklearn\neural_network\_multilayer_perceptron.py:785: ConvergenceWarning: Stochastic Optimizer: Maximum iterations (250) reached and the optimization hasn't converged yet.
  warnings.warn(
C:\Users\meloy\PycharmProjects\spectral-select\.venv\Lib\site-packages\sklearn\neural_network\_multilayer_perceptron.py:785: ConvergenceWarning: Stochastic Optimizer: Maximum iterations (250) reached and the optimization hasn't converged yet.
  warnings.warn(
C:\Users\meloy\PycharmProjects\spectral-select\.venv\Lib\site-packages\sklearn\neural_network\_multilayer_perceptron.py:785: ConvergenceWarning: Stochastic Optimizer: Maximum iterations (250) reached and the optimization hasn't converged yet.
  warnings.warn(
C:\Users\meloy\PycharmProjects\spectral-select\.venv\Lib\site-packages\sklearn\neural_network\_multilayer_perceptron.py:785: ConvergenceWarning: Stochastic Optimizer: Maximum iterations (250) reached and the optimization hasn't converged yet.
  warnings.warn(
C:\Users\meloy\PycharmProjects\spectral-select\.venv\Lib\site-packages\sklearn\neural_network\_multilayer_perceptron.py:785: ConvergenceWarning: Stochastic Optimizer: Maximum iterations (250) reached and the optimization hasn't converged yet.
  warnings.warn(
C:\Users\meloy\PycharmProjects\spectral-select\.venv\Lib\site-packages\sklearn\neural_network\_multilayer_perceptron.py:785: ConvergenceWarning: Stochastic Optimizer: Maximum iterations (250) reached and the optimization hasn't converged yet.
  warnings.warn(
C:\Users\meloy\PycharmProjects\spectral-select\.venv\Lib\site-packages\sklearn\neural_network\_multilayer_perceptron.py:785: ConvergenceWarning: Stochastic Optimizer: Maximum iterations (250) reached and the optimization hasn't converged yet.
  warnings.warn(
C:\Users\meloy\PycharmProjects\spectral-select\.venv\Lib\site-packages\sklearn\neural_network\_multilayer_perceptron.py:785: ConvergenceWarning: Stochastic Optimizer: Maximum iterations (250) reached and the optimization hasn't converged yet.
  warnings.warn(
C:\Users\meloy\PycharmProjects\spectral-select\.venv\Lib\site-packages\sklearn\neural_network\_multilayer_perceptron.py:785: ConvergenceWarning: Stochastic Optimizer: Maximum iterations (250) reached and the optimization hasn't converged yet.
  warnings.warn(
C:\Users\meloy\PycharmProjects\spectral-select\.venv\Lib\site-packages\sklearn\neural_network\_multilayer_perceptron.py:785: ConvergenceWarning: Stochastic Optimizer: Maximum iterations (250) reached and the optimization hasn't converged yet.
  warnings.warn(
C:\Users\meloy\PycharmProjects\spectral-select\.venv\Lib\site-packages\sklearn\neural_network\_multilayer_perceptron.py:785: ConvergenceWarning: Stochastic Optimizer: Maximum iterations (250) reached and the optimization hasn't converged yet.
  warnings.warn(
C:\Users\meloy\PycharmProjects\spectral-select\.venv\Lib\site-packages\sklearn\neural_network\_multilayer_perceptron.py:785: ConvergenceWarning: Stochastic Optimizer: Maximum iterations (250) reached and the optimization hasn't converged yet.
  warnings.warn(
C:\Users\meloy\PycharmProjects\spectral-select\.venv\Lib\site-packages\sklearn\neural_network\_multilayer_perceptron.py:785: ConvergenceWarning: Stochastic Optimizer: Maximum iterations (250) reached and the optimization hasn't converged yet.
  warnings.warn(
C:\Users\meloy\PycharmProjects\spectral-select\.venv\Lib\site-packages\sklearn\neural_network\_multilayer_perceptron.py:785: ConvergenceWarning: Stochastic Optimizer: Maximum iterations (250) reached and the optimization hasn't converged yet.
  warnings.warn(
C:\Users\meloy\PycharmProjects\spectral-select\.venv\Lib\site-packages\sklearn\neural_network\_multilayer_perceptron.py:785: ConvergenceWarning: Stochastic Optimizer: Maximum iterations (250) reached and the optimization hasn't converged yet.
  warnings.warn(
C:\Users\meloy\PycharmProjects\spectral-select\.venv\Lib\site-packages\sklearn\neural_network\_multilayer_perceptron.py:785: ConvergenceWarning: Stochastic Optimizer: Maximum iterations (250) reached and the optimization hasn't converged yet.
  warnings.warn(
C:\Users\meloy\PycharmProjects\spectral-select\.venv\Lib\site-packages\sklearn\neural_network\_multilayer_perceptron.py:785: ConvergenceWarning: Stochastic Optimizer: Maximum iterations (250) reached and the optimization hasn't converged yet.
  warnings.warn(
C:\Users\meloy\PycharmProjects\spectral-select\.venv\Lib\site-packages\sklearn\neural_network\_multilayer_perceptron.py:785: ConvergenceWarning: Stochastic Optimizer: Maximum iterations (250) reached and the optimization hasn't converged yet.
  warnings.warn(
C:\Users\meloy\PycharmProjects\spectral-select\.venv\Lib\site-packages\sklearn\neural_network\_multilayer_perceptron.py:785: ConvergenceWarning: Stochastic Optimizer: Maximum iterations (250) reached and the optimization hasn't converged yet.
  warnings.warn(
C:\Users\meloy\PycharmProjects\spectral-select\.venv\Lib\site-packages\sklearn\neural_network\_multilayer_perceptron.py:785: ConvergenceWarning: Stochastic Optimizer: Maximum iterations (250) reached and the optimization hasn't converged yet.
  warnings.warn(
C:\Users\meloy\PycharmProjects\spectral-select\.venv\Lib\site-packages\sklearn\neural_network\_multilayer_perceptron.py:785: ConvergenceWarning: Stochastic Optimizer: Maximum iterations (250) reached and the optimization hasn't converged yet.
  warnings.warn(
C:\Users\meloy\PycharmProjects\spectral-select\.venv\Lib\site-packages\sklearn\neural_network\_multilayer_perceptron.py:785: ConvergenceWarning: Stochastic Optimizer: Maximum iterations (250) reached and the optimization hasn't converged yet.
  warnings.warn(
C:\Users\meloy\PycharmProjects\spectral-select\.venv\Lib\site-packages\sklearn\neural_network\_multilayer_perceptron.py:785: ConvergenceWarning: Stochastic Optimizer: Maximum iterations (250) reached and the optimization hasn't converged yet.
  warnings.warn(
C:\Users\meloy\PycharmProjects\spectral-select\.venv\Lib\site-packages\sklearn\neural_network\_multilayer_perceptron.py:785: ConvergenceWarning: Stochastic Optimizer: Maximum iterations (250) reached and the optimization hasn't converged yet.
  warnings.warn(
C:\Users\meloy\PycharmProjects\spectral-select\.venv\Lib\site-packages\sklearn\neural_network\_multilayer_perceptron.py:785: ConvergenceWarning: Stochastic Optimizer: Maximum iterations (250) reached and the optimization hasn't converged yet.
  warnings.warn(
C:\Users\meloy\PycharmProjects\spectral-select\.venv\Lib\site-packages\sklearn\neural_network\_multilayer_perceptron.py:785: ConvergenceWarning: Stochastic Optimizer: Maximum iterations (250) reached and the optimization hasn't converged yet.
  warnings.warn(
C:\Users\meloy\PycharmProjects\spectral-select\.venv\Lib\site-packages\sklearn\neural_network\_multilayer_perceptron.py:785: ConvergenceWarning: Stochastic Optimizer: Maximum iterations (250) reached and the optimization hasn't converged yet.
  warnings.warn(
C:\Users\meloy\PycharmProjects\spectral-select\.venv\Lib\site-packages\sklearn\neural_network\_multilayer_perceptron.py:785: ConvergenceWarning: Stochastic Optimizer: Maximum iterations (250) reached and the optimization hasn't converged yet.
  warnings.warn(
C:\Users\meloy\PycharmProjects\spectral-select\.venv\Lib\site-packages\sklearn\neural_network\_multilayer_perceptron.py:785: ConvergenceWarning: Stochastic Optimizer: Maximum iterations (250) reached and the optimization hasn't converged yet.
  warnings.warn(
C:\Users\meloy\PycharmProjects\spectral-select\.venv\Lib\site-packages\sklearn\neural_network\_multilayer_perceptron.py:785: ConvergenceWarning: Stochastic Optimizer: Maximum iterations (250) reached and the optimization hasn't converged yet.
  warnings.warn(
C:\Users\meloy\PycharmProjects\spectral-select\.venv\Lib\site-packages\sklearn\neural_network\_multilayer_perceptron.py:785: ConvergenceWarning: Stochastic Optimizer: Maximum iterations (250) reached and the optimization hasn't converged yet.
  warnings.warn(
C:\Users\meloy\PycharmProjects\spectral-select\.venv\Lib\site-packages\sklearn\neural_network\_multilayer_perceptron.py:785: ConvergenceWarning: Stochastic Optimizer: Maximum iterations (250) reached and the optimization hasn't converged yet.
  warnings.warn(
C:\Users\meloy\PycharmProjects\spectral-select\.venv\Lib\site-packages\sklearn\neural_network\_multilayer_perceptron.py:785: ConvergenceWarning: Stochastic Optimizer: Maximum iterations (250) reached and the optimization hasn't converged yet.
  warnings.warn(
C:\Users\meloy\PycharmProjects\spectral-select\.venv\Lib\site-packages\sklearn\neural_network\_multilayer_perceptron.py:785: ConvergenceWarning: Stochastic Optimizer: Maximum iterations (250) reached and the optimization hasn't converged yet.
  warnings.warn(
C:\Users\meloy\PycharmProjects\spectral-select\.venv\Lib\site-packages\sklearn\neural_network\_multilayer_perceptron.py:785: ConvergenceWarning: Stochastic Optimizer: Maximum iterations (250) reached and the optimization hasn't converged yet.
  warnings.warn(
  labels/class= 10: full=0.443  PCA=0.441  AE=0.427  fewF-raw=0.426  fewF-den=0.437  AE+den=0.433  oracle*=0.488
            Δvs full: fewF-raw=-0.017 fewF-den=-0.006 AE+den=-0.010 | beats full: ['oracle*']
C:\Users\meloy\PycharmProjects\spectral-select\.venv\Lib\site-packages\sklearn\neural_network\_multilayer_perceptron.py:785: ConvergenceWarning: Stochastic Optimizer: Maximum iterations (250) reached and the optimization hasn't converged yet.
  warnings.warn(
C:\Users\meloy\PycharmProjects\spectral-select\.venv\Lib\site-packages\sklearn\neural_network\_multilayer_perceptron.py:785: ConvergenceWarning: Stochastic Optimizer: Maximum iterations (250) reached and the optimization hasn't converged yet.
  warnings.warn(
C:\Users\meloy\PycharmProjects\spectral-select\.venv\Lib\site-packages\sklearn\neural_network\_multilayer_perceptron.py:785: ConvergenceWarning: Stochastic Optimizer: Maximum iterations (250) reached and the optimization hasn't converged yet.
  warnings.warn(
C:\Users\meloy\PycharmProjects\spectral-select\.venv\Lib\site-packages\sklearn\neural_network\_multilayer_perceptron.py:785: ConvergenceWarning: Stochastic Optimizer: Maximum iterations (250) reached and the optimization hasn't converged yet.
  warnings.warn(
C:\Users\meloy\PycharmProjects\spectral-select\.venv\Lib\site-packages\sklearn\neural_network\_multilayer_perceptron.py:785: ConvergenceWarning: Stochastic Optimizer: Maximum iterations (250) reached and the optimization hasn't converged yet.
  warnings.warn(
C:\Users\meloy\PycharmProjects\spectral-select\.venv\Lib\site-packages\sklearn\neural_network\_multilayer_perceptron.py:785: ConvergenceWarning: Stochastic Optimizer: Maximum iterations (250) reached and the optimization hasn't converged yet.
  warnings.warn(
C:\Users\meloy\PycharmProjects\spectral-select\.venv\Lib\site-packages\sklearn\neural_network\_multilayer_perceptron.py:785: ConvergenceWarning: Stochastic Optimizer: Maximum iterations (250) reached and the optimization hasn't converged yet.
  warnings.warn(
C:\Users\meloy\PycharmProjects\spectral-select\.venv\Lib\site-packages\sklearn\neural_network\_multilayer_perceptron.py:785: ConvergenceWarning: Stochastic Optimizer: Maximum iterations (250) reached and the optimization hasn't converged yet.
  warnings.warn(
C:\Users\meloy\PycharmProjects\spectral-select\.venv\Lib\site-packages\sklearn\neural_network\_multilayer_perceptron.py:785: ConvergenceWarning: Stochastic Optimizer: Maximum iterations (250) reached and the optimization hasn't converged yet.
  warnings.warn(
C:\Users\meloy\PycharmProjects\spectral-select\.venv\Lib\site-packages\sklearn\neural_network\_multilayer_perceptron.py:785: ConvergenceWarning: Stochastic Optimizer: Maximum iterations (250) reached and the optimization hasn't converged yet.
  warnings.warn(
C:\Users\meloy\PycharmProjects\spectral-select\.venv\Lib\site-packages\sklearn\neural_network\_multilayer_perceptron.py:785: ConvergenceWarning: Stochastic Optimizer: Maximum iterations (250) reached and the optimization hasn't converged yet.
  warnings.warn(
C:\Users\meloy\PycharmProjects\spectral-select\.venv\Lib\site-packages\sklearn\neural_network\_multilayer_perceptron.py:785: ConvergenceWarning: Stochastic Optimizer: Maximum iterations (250) reached and the optimization hasn't converged yet.
  warnings.warn(
C:\Users\meloy\PycharmProjects\spectral-select\.venv\Lib\site-packages\sklearn\neural_network\_multilayer_perceptron.py:785: ConvergenceWarning: Stochastic Optimizer: Maximum iterations (250) reached and the optimization hasn't converged yet.
  warnings.warn(
C:\Users\meloy\PycharmProjects\spectral-select\.venv\Lib\site-packages\sklearn\neural_network\_multilayer_perceptron.py:785: ConvergenceWarning: Stochastic Optimizer: Maximum iterations (250) reached and the optimization hasn't converged yet.
  warnings.warn(
C:\Users\meloy\PycharmProjects\spectral-select\.venv\Lib\site-packages\sklearn\neural_network\_multilayer_perceptron.py:785: ConvergenceWarning: Stochastic Optimizer: Maximum iterations (250) reached and the optimization hasn't converged yet.
  warnings.warn(
C:\Users\meloy\PycharmProjects\spectral-select\.venv\Lib\site-packages\sklearn\neural_network\_multilayer_perceptron.py:785: ConvergenceWarning: Stochastic Optimizer: Maximum iterations (250) reached and the optimization hasn't converged yet.
  warnings.warn(
C:\Users\meloy\PycharmProjects\spectral-select\.venv\Lib\site-packages\sklearn\neural_network\_multilayer_perceptron.py:785: ConvergenceWarning: Stochastic Optimizer: Maximum iterations (250) reached and the optimization hasn't converged yet.
  warnings.warn(
C:\Users\meloy\PycharmProjects\spectral-select\.venv\Lib\site-packages\sklearn\neural_network\_multilayer_perceptron.py:785: ConvergenceWarning: Stochastic Optimizer: Maximum iterations (250) reached and the optimization hasn't converged yet.
  warnings.warn(
C:\Users\meloy\PycharmProjects\spectral-select\.venv\Lib\site-packages\sklearn\neural_network\_multilayer_perceptron.py:785: ConvergenceWarning: Stochastic Optimizer: Maximum iterations (250) reached and the optimization hasn't converged yet.
  warnings.warn(
C:\Users\meloy\PycharmProjects\spectral-select\.venv\Lib\site-packages\sklearn\neural_network\_multilayer_perceptron.py:785: ConvergenceWarning: Stochastic Optimizer: Maximum iterations (250) reached and the optimization hasn't converged yet.
  warnings.warn(
C:\Users\meloy\PycharmProjects\spectral-select\.venv\Lib\site-packages\sklearn\neural_network\_multilayer_perceptron.py:785: ConvergenceWarning: Stochastic Optimizer: Maximum iterations (250) reached and the optimization hasn't converged yet.
  warnings.warn(
C:\Users\meloy\PycharmProjects\spectral-select\.venv\Lib\site-packages\sklearn\neural_network\_multilayer_perceptron.py:785: ConvergenceWarning: Stochastic Optimizer: Maximum iterations (250) reached and the optimization hasn't converged yet.
  warnings.warn(
C:\Users\meloy\PycharmProjects\spectral-select\.venv\Lib\site-packages\sklearn\neural_network\_multilayer_perceptron.py:785: ConvergenceWarning: Stochastic Optimizer: Maximum iterations (250) reached and the optimization hasn't converged yet.
  warnings.warn(
C:\Users\meloy\PycharmProjects\spectral-select\.venv\Lib\site-packages\sklearn\neural_network\_multilayer_perceptron.py:785: ConvergenceWarning: Stochastic Optimizer: Maximum iterations (250) reached and the optimization hasn't converged yet.
  warnings.warn(
C:\Users\meloy\PycharmProjects\spectral-select\.venv\Lib\site-packages\sklearn\neural_network\_multilayer_perceptron.py:785: ConvergenceWarning: Stochastic Optimizer: Maximum iterations (250) reached and the optimization hasn't converged yet.
  warnings.warn(
C:\Users\meloy\PycharmProjects\spectral-select\.venv\Lib\site-packages\sklearn\neural_network\_multilayer_perceptron.py:785: ConvergenceWarning: Stochastic Optimizer: Maximum iterations (250) reached and the optimization hasn't converged yet.
  warnings.warn(
C:\Users\meloy\PycharmProjects\spectral-select\.venv\Lib\site-packages\sklearn\neural_network\_multilayer_perceptron.py:785: ConvergenceWarning: Stochastic Optimizer: Maximum iterations (250) reached and the optimization hasn't converged yet.
  warnings.warn(
C:\Users\meloy\PycharmProjects\spectral-select\.venv\Lib\site-packages\sklearn\neural_network\_multilayer_perceptron.py:785: ConvergenceWarning: Stochastic Optimizer: Maximum iterations (250) reached and the optimization hasn't converged yet.
  warnings.warn(
C:\Users\meloy\PycharmProjects\spectral-select\.venv\Lib\site-packages\sklearn\neural_network\_multilayer_perceptron.py:785: ConvergenceWarning: Stochastic Optimizer: Maximum iterations (250) reached and the optimization hasn't converged yet.
  warnings.warn(
C:\Users\meloy\PycharmProjects\spectral-select\.venv\Lib\site-packages\sklearn\neural_network\_multilayer_perceptron.py:785: ConvergenceWarning: Stochastic Optimizer: Maximum iterations (250) reached and the optimization hasn't converged yet.
  warnings.warn(
C:\Users\meloy\PycharmProjects\spectral-select\.venv\Lib\site-packages\sklearn\neural_network\_multilayer_perceptron.py:785: ConvergenceWarning: Stochastic Optimizer: Maximum iterations (250) reached and the optimization hasn't converged yet.
  warnings.warn(
C:\Users\meloy\PycharmProjects\spectral-select\.venv\Lib\site-packages\sklearn\neural_network\_multilayer_perceptron.py:785: ConvergenceWarning: Stochastic Optimizer: Maximum iterations (250) reached and the optimization hasn't converged yet.
  warnings.warn(
C:\Users\meloy\PycharmProjects\spectral-select\.venv\Lib\site-packages\sklearn\neural_network\_multilayer_perceptron.py:785: ConvergenceWarning: Stochastic Optimizer: Maximum iterations (250) reached and the optimization hasn't converged yet.
  warnings.warn(
C:\Users\meloy\PycharmProjects\spectral-select\.venv\Lib\site-packages\sklearn\neural_network\_multilayer_perceptron.py:785: ConvergenceWarning: Stochastic Optimizer: Maximum iterations (250) reached and the optimization hasn't converged yet.
  warnings.warn(
C:\Users\meloy\PycharmProjects\spectral-select\.venv\Lib\site-packages\sklearn\neural_network\_multilayer_perceptron.py:785: ConvergenceWarning: Stochastic Optimizer: Maximum iterations (250) reached and the optimization hasn't converged yet.
  warnings.warn(
C:\Users\meloy\PycharmProjects\spectral-select\.venv\Lib\site-packages\sklearn\neural_network\_multilayer_perceptron.py:785: ConvergenceWarning: Stochastic Optimizer: Maximum iterations (250) reached and the optimization hasn't converged yet.
  warnings.warn(
C:\Users\meloy\PycharmProjects\spectral-select\.venv\Lib\site-packages\sklearn\neural_network\_multilayer_perceptron.py:785: ConvergenceWarning: Stochastic Optimizer: Maximum iterations (250) reached and the optimization hasn't converged yet.
  warnings.warn(
C:\Users\meloy\PycharmProjects\spectral-select\.venv\Lib\site-packages\sklearn\neural_network\_multilayer_perceptron.py:785: ConvergenceWarning: Stochastic Optimizer: Maximum iterations (250) reached and the optimization hasn't converged yet.
  warnings.warn(
C:\Users\meloy\PycharmProjects\spectral-select\.venv\Lib\site-packages\sklearn\neural_network\_multilayer_perceptron.py:785: ConvergenceWarning: Stochastic Optimizer: Maximum iterations (250) reached and the optimization hasn't converged yet.
  warnings.warn(
C:\Users\meloy\PycharmProjects\spectral-select\.venv\Lib\site-packages\sklearn\neural_network\_multilayer_perceptron.py:785: ConvergenceWarning: Stochastic Optimizer: Maximum iterations (250) reached and the optimization hasn't converged yet.
  warnings.warn(
C:\Users\meloy\PycharmProjects\spectral-select\.venv\Lib\site-packages\sklearn\neural_network\_multilayer_perceptron.py:785: ConvergenceWarning: Stochastic Optimizer: Maximum iterations (250) reached and the optimization hasn't converged yet.
  warnings.warn(
C:\Users\meloy\PycharmProjects\spectral-select\.venv\Lib\site-packages\sklearn\neural_network\_multilayer_perceptron.py:785: ConvergenceWarning: Stochastic Optimizer: Maximum iterations (250) reached and the optimization hasn't converged yet.
  warnings.warn(
C:\Users\meloy\PycharmProjects\spectral-select\.venv\Lib\site-packages\sklearn\neural_network\_multilayer_perceptron.py:785: ConvergenceWarning: Stochastic Optimizer: Maximum iterations (250) reached and the optimization hasn't converged yet.
  warnings.warn(
C:\Users\meloy\PycharmProjects\spectral-select\.venv\Lib\site-packages\sklearn\neural_network\_multilayer_perceptron.py:785: ConvergenceWarning: Stochastic Optimizer: Maximum iterations (250) reached and the optimization hasn't converged yet.
  warnings.warn(
C:\Users\meloy\PycharmProjects\spectral-select\.venv\Lib\site-packages\sklearn\neural_network\_multilayer_perceptron.py:785: ConvergenceWarning: Stochastic Optimizer: Maximum iterations (250) reached and the optimization hasn't converged yet.
  warnings.warn(
C:\Users\meloy\PycharmProjects\spectral-select\.venv\Lib\site-packages\sklearn\neural_network\_multilayer_perceptron.py:785: ConvergenceWarning: Stochastic Optimizer: Maximum iterations (250) reached and the optimization hasn't converged yet.
  warnings.warn(
C:\Users\meloy\PycharmProjects\spectral-select\.venv\Lib\site-packages\sklearn\neural_network\_multilayer_perceptron.py:785: ConvergenceWarning: Stochastic Optimizer: Maximum iterations (250) reached and the optimization hasn't converged yet.
  warnings.warn(
C:\Users\meloy\PycharmProjects\spectral-select\.venv\Lib\site-packages\sklearn\neural_network\_multilayer_perceptron.py:785: ConvergenceWarning: Stochastic Optimizer: Maximum iterations (250) reached and the optimization hasn't converged yet.
  warnings.warn(
C:\Users\meloy\PycharmProjects\spectral-select\.venv\Lib\site-packages\sklearn\neural_network\_multilayer_perceptron.py:785: ConvergenceWarning: Stochastic Optimizer: Maximum iterations (250) reached and the optimization hasn't converged yet.
  warnings.warn(
C:\Users\meloy\PycharmProjects\spectral-select\.venv\Lib\site-packages\sklearn\neural_network\_multilayer_perceptron.py:785: ConvergenceWarning: Stochastic Optimizer: Maximum iterations (250) reached and the optimization hasn't converged yet.
  warnings.warn(
C:\Users\meloy\PycharmProjects\spectral-select\.venv\Lib\site-packages\sklearn\neural_network\_multilayer_perceptron.py:785: ConvergenceWarning: Stochastic Optimizer: Maximum iterations (250) reached and the optimization hasn't converged yet.
  warnings.warn(
C:\Users\meloy\PycharmProjects\spectral-select\.venv\Lib\site-packages\sklearn\neural_network\_multilayer_perceptron.py:785: ConvergenceWarning: Stochastic Optimizer: Maximum iterations (250) reached and the optimization hasn't converged yet.
  warnings.warn(
C:\Users\meloy\PycharmProjects\spectral-select\.venv\Lib\site-packages\sklearn\neural_network\_multilayer_perceptron.py:785: ConvergenceWarning: Stochastic Optimizer: Maximum iterations (250) reached and the optimization hasn't converged yet.
  warnings.warn(
C:\Users\meloy\PycharmProjects\spectral-select\.venv\Lib\site-packages\sklearn\neural_network\_multilayer_perceptron.py:785: ConvergenceWarning: Stochastic Optimizer: Maximum iterations (250) reached and the optimization hasn't converged yet.
  warnings.warn(
C:\Users\meloy\PycharmProjects\spectral-select\.venv\Lib\site-packages\sklearn\neural_network\_multilayer_perceptron.py:785: ConvergenceWarning: Stochastic Optimizer: Maximum iterations (250) reached and the optimization hasn't converged yet.
  warnings.warn(
C:\Users\meloy\PycharmProjects\spectral-select\.venv\Lib\site-packages\sklearn\neural_network\_multilayer_perceptron.py:785: ConvergenceWarning: Stochastic Optimizer: Maximum iterations (250) reached and the optimization hasn't converged yet.
  warnings.warn(
C:\Users\meloy\PycharmProjects\spectral-select\.venv\Lib\site-packages\sklearn\neural_network\_multilayer_perceptron.py:785: ConvergenceWarning: Stochastic Optimizer: Maximum iterations (250) reached and the optimization hasn't converged yet.
  warnings.warn(
C:\Users\meloy\PycharmProjects\spectral-select\.venv\Lib\site-packages\sklearn\neural_network\_multilayer_perceptron.py:785: ConvergenceWarning: Stochastic Optimizer: Maximum iterations (250) reached and the optimization hasn't converged yet.
  warnings.warn(
C:\Users\meloy\PycharmProjects\spectral-select\.venv\Lib\site-packages\sklearn\neural_network\_multilayer_perceptron.py:785: ConvergenceWarning: Stochastic Optimizer: Maximum iterations (250) reached and the optimization hasn't converged yet.
  warnings.warn(
C:\Users\meloy\PycharmProjects\spectral-select\.venv\Lib\site-packages\sklearn\neural_network\_multilayer_perceptron.py:785: ConvergenceWarning: Stochastic Optimizer: Maximum iterations (250) reached and the optimization hasn't converged yet.
  warnings.warn(
  labels/class= 15: full=0.485  PCA=0.471  AE=0.470  fewF-raw=0.470  fewF-den=0.470  AE+den=0.459  oracle*=0.521
            Δvs full: fewF-raw=-0.015 fewF-den=-0.014 AE+den=-0.026 | beats full: ['oracle*']
C:\Users\meloy\PycharmProjects\spectral-select\.venv\Lib\site-packages\sklearn\neural_network\_multilayer_perceptron.py:785: ConvergenceWarning: Stochastic Optimizer: Maximum iterations (250) reached and the optimization hasn't converged yet.
  warnings.warn(
C:\Users\meloy\PycharmProjects\spectral-select\.venv\Lib\site-packages\sklearn\neural_network\_multilayer_perceptron.py:785: ConvergenceWarning: Stochastic Optimizer: Maximum iterations (250) reached and the optimization hasn't converged yet.
  warnings.warn(
C:\Users\meloy\PycharmProjects\spectral-select\.venv\Lib\site-packages\sklearn\neural_network\_multilayer_perceptron.py:785: ConvergenceWarning: Stochastic Optimizer: Maximum iterations (250) reached and the optimization hasn't converged yet.
  warnings.warn(
C:\Users\meloy\PycharmProjects\spectral-select\.venv\Lib\site-packages\sklearn\neural_network\_multilayer_perceptron.py:785: ConvergenceWarning: Stochastic Optimizer: Maximum iterations (250) reached and the optimization hasn't converged yet.
  warnings.warn(
C:\Users\meloy\PycharmProjects\spectral-select\.venv\Lib\site-packages\sklearn\neural_network\_multilayer_perceptron.py:785: ConvergenceWarning: Stochastic Optimizer: Maximum iterations (250) reached and the optimization hasn't converged yet.
  warnings.warn(
C:\Users\meloy\PycharmProjects\spectral-select\.venv\Lib\site-packages\sklearn\neural_network\_multilayer_perceptron.py:785: ConvergenceWarning: Stochastic Optimizer: Maximum iterations (250) reached and the optimization hasn't converged yet.
  warnings.warn(
C:\Users\meloy\PycharmProjects\spectral-select\.venv\Lib\site-packages\sklearn\neural_network\_multilayer_perceptron.py:785: ConvergenceWarning: Stochastic Optimizer: Maximum iterations (250) reached and the optimization hasn't converged yet.
  warnings.warn(
C:\Users\meloy\PycharmProjects\spectral-select\.venv\Lib\site-packages\sklearn\neural_network\_multilayer_perceptron.py:785: ConvergenceWarning: Stochastic Optimizer: Maximum iterations (250) reached and the optimization hasn't converged yet.
  warnings.warn(
C:\Users\meloy\PycharmProjects\spectral-select\.venv\Lib\site-packages\sklearn\neural_network\_multilayer_perceptron.py:785: ConvergenceWarning: Stochastic Optimizer: Maximum iterations (250) reached and the optimization hasn't converged yet.
  warnings.warn(
C:\Users\meloy\PycharmProjects\spectral-select\.venv\Lib\site-packages\sklearn\neural_network\_multilayer_perceptron.py:785: ConvergenceWarning: Stochastic Optimizer: Maximum iterations (250) reached and the optimization hasn't converged yet.
  warnings.warn(
C:\Users\meloy\PycharmProjects\spectral-select\.venv\Lib\site-packages\sklearn\neural_network\_multilayer_perceptron.py:785: ConvergenceWarning: Stochastic Optimizer: Maximum iterations (250) reached and the optimization hasn't converged yet.
  warnings.warn(
C:\Users\meloy\PycharmProjects\spectral-select\.venv\Lib\site-packages\sklearn\neural_network\_multilayer_perceptron.py:785: ConvergenceWarning: Stochastic Optimizer: Maximum iterations (250) reached and the optimization hasn't converged yet.
  warnings.warn(
C:\Users\meloy\PycharmProjects\spectral-select\.venv\Lib\site-packages\sklearn\neural_network\_multilayer_perceptron.py:785: ConvergenceWarning: Stochastic Optimizer: Maximum iterations (250) reached and the optimization hasn't converged yet.
  warnings.warn(
C:\Users\meloy\PycharmProjects\spectral-select\.venv\Lib\site-packages\sklearn\neural_network\_multilayer_perceptron.py:785: ConvergenceWarning: Stochastic Optimizer: Maximum iterations (250) reached and the optimization hasn't converged yet.
  warnings.warn(
C:\Users\meloy\PycharmProjects\spectral-select\.venv\Lib\site-packages\sklearn\neural_network\_multilayer_perceptron.py:785: ConvergenceWarning: Stochastic Optimizer: Maximum iterations (250) reached and the optimization hasn't converged yet.
  warnings.warn(
C:\Users\meloy\PycharmProjects\spectral-select\.venv\Lib\site-packages\sklearn\neural_network\_multilayer_perceptron.py:785: ConvergenceWarning: Stochastic Optimizer: Maximum iterations (250) reached and the optimization hasn't converged yet.
  warnings.warn(
C:\Users\meloy\PycharmProjects\spectral-select\.venv\Lib\site-packages\sklearn\neural_network\_multilayer_perceptron.py:785: ConvergenceWarning: Stochastic Optimizer: Maximum iterations (250) reached and the optimization hasn't converged yet.
  warnings.warn(
C:\Users\meloy\PycharmProjects\spectral-select\.venv\Lib\site-packages\sklearn\neural_network\_multilayer_perceptron.py:785: ConvergenceWarning: Stochastic Optimizer: Maximum iterations (250) reached and the optimization hasn't converged yet.
  warnings.warn(
C:\Users\meloy\PycharmProjects\spectral-select\.venv\Lib\site-packages\sklearn\neural_network\_multilayer_perceptron.py:785: ConvergenceWarning: Stochastic Optimizer: Maximum iterations (250) reached and the optimization hasn't converged yet.
  warnings.warn(
C:\Users\meloy\PycharmProjects\spectral-select\.venv\Lib\site-packages\sklearn\neural_network\_multilayer_perceptron.py:785: ConvergenceWarning: Stochastic Optimizer: Maximum iterations (250) reached and the optimization hasn't converged yet.
  warnings.warn(
C:\Users\meloy\PycharmProjects\spectral-select\.venv\Lib\site-packages\sklearn\neural_network\_multilayer_perceptron.py:785: ConvergenceWarning: Stochastic Optimizer: Maximum iterations (250) reached and the optimization hasn't converged yet.
  warnings.warn(
C:\Users\meloy\PycharmProjects\spectral-select\.venv\Lib\site-packages\sklearn\neural_network\_multilayer_perceptron.py:785: ConvergenceWarning: Stochastic Optimizer: Maximum iterations (250) reached and the optimization hasn't converged yet.
  warnings.warn(
C:\Users\meloy\PycharmProjects\spectral-select\.venv\Lib\site-packages\sklearn\neural_network\_multilayer_perceptron.py:785: ConvergenceWarning: Stochastic Optimizer: Maximum iterations (250) reached and the optimization hasn't converged yet.
  warnings.warn(
C:\Users\meloy\PycharmProjects\spectral-select\.venv\Lib\site-packages\sklearn\neural_network\_multilayer_perceptron.py:785: ConvergenceWarning: Stochastic Optimizer: Maximum iterations (250) reached and the optimization hasn't converged yet.
  warnings.warn(
C:\Users\meloy\PycharmProjects\spectral-select\.venv\Lib\site-packages\sklearn\neural_network\_multilayer_perceptron.py:785: ConvergenceWarning: Stochastic Optimizer: Maximum iterations (250) reached and the optimization hasn't converged yet.
  warnings.warn(
C:\Users\meloy\PycharmProjects\spectral-select\.venv\Lib\site-packages\sklearn\neural_network\_multilayer_perceptron.py:785: ConvergenceWarning: Stochastic Optimizer: Maximum iterations (250) reached and the optimization hasn't converged yet.
  warnings.warn(
C:\Users\meloy\PycharmProjects\spectral-select\.venv\Lib\site-packages\sklearn\neural_network\_multilayer_perceptron.py:785: ConvergenceWarning: Stochastic Optimizer: Maximum iterations (250) reached and the optimization hasn't converged yet.
  warnings.warn(
C:\Users\meloy\PycharmProjects\spectral-select\.venv\Lib\site-packages\sklearn\neural_network\_multilayer_perceptron.py:785: ConvergenceWarning: Stochastic Optimizer: Maximum iterations (250) reached and the optimization hasn't converged yet.
  warnings.warn(
C:\Users\meloy\PycharmProjects\spectral-select\.venv\Lib\site-packages\sklearn\neural_network\_multilayer_perceptron.py:785: ConvergenceWarning: Stochastic Optimizer: Maximum iterations (250) reached and the optimization hasn't converged yet.
  warnings.warn(
C:\Users\meloy\PycharmProjects\spectral-select\.venv\Lib\site-packages\sklearn\neural_network\_multilayer_perceptron.py:785: ConvergenceWarning: Stochastic Optimizer: Maximum iterations (250) reached and the optimization hasn't converged yet.
  warnings.warn(
C:\Users\meloy\PycharmProjects\spectral-select\.venv\Lib\site-packages\sklearn\neural_network\_multilayer_perceptron.py:785: ConvergenceWarning: Stochastic Optimizer: Maximum iterations (250) reached and the optimization hasn't converged yet.
  warnings.warn(
C:\Users\meloy\PycharmProjects\spectral-select\.venv\Lib\site-packages\sklearn\neural_network\_multilayer_perceptron.py:785: ConvergenceWarning: Stochastic Optimizer: Maximum iterations (250) reached and the optimization hasn't converged yet.
  warnings.warn(
C:\Users\meloy\PycharmProjects\spectral-select\.venv\Lib\site-packages\sklearn\neural_network\_multilayer_perceptron.py:785: ConvergenceWarning: Stochastic Optimizer: Maximum iterations (250) reached and the optimization hasn't converged yet.
  warnings.warn(
C:\Users\meloy\PycharmProjects\spectral-select\.venv\Lib\site-packages\sklearn\neural_network\_multilayer_perceptron.py:785: ConvergenceWarning: Stochastic Optimizer: Maximum iterations (250) reached and the optimization hasn't converged yet.
  warnings.warn(
C:\Users\meloy\PycharmProjects\spectral-select\.venv\Lib\site-packages\sklearn\neural_network\_multilayer_perceptron.py:785: ConvergenceWarning: Stochastic Optimizer: Maximum iterations (250) reached and the optimization hasn't converged yet.
  warnings.warn(
C:\Users\meloy\PycharmProjects\spectral-select\.venv\Lib\site-packages\sklearn\neural_network\_multilayer_perceptron.py:785: ConvergenceWarning: Stochastic Optimizer: Maximum iterations (250) reached and the optimization hasn't converged yet.
  warnings.warn(
C:\Users\meloy\PycharmProjects\spectral-select\.venv\Lib\site-packages\sklearn\neural_network\_multilayer_perceptron.py:785: ConvergenceWarning: Stochastic Optimizer: Maximum iterations (250) reached and the optimization hasn't converged yet.
  warnings.warn(
C:\Users\meloy\PycharmProjects\spectral-select\.venv\Lib\site-packages\sklearn\neural_network\_multilayer_perceptron.py:785: ConvergenceWarning: Stochastic Optimizer: Maximum iterations (250) reached and the optimization hasn't converged yet.
  warnings.warn(
C:\Users\meloy\PycharmProjects\spectral-select\.venv\Lib\site-packages\sklearn\neural_network\_multilayer_perceptron.py:785: ConvergenceWarning: Stochastic Optimizer: Maximum iterations (250) reached and the optimization hasn't converged yet.
  warnings.warn(
C:\Users\meloy\PycharmProjects\spectral-select\.venv\Lib\site-packages\sklearn\neural_network\_multilayer_perceptron.py:785: ConvergenceWarning: Stochastic Optimizer: Maximum iterations (250) reached and the optimization hasn't converged yet.
  warnings.warn(
C:\Users\meloy\PycharmProjects\spectral-select\.venv\Lib\site-packages\sklearn\neural_network\_multilayer_perceptron.py:785: ConvergenceWarning: Stochastic Optimizer: Maximum iterations (250) reached and the optimization hasn't converged yet.
  warnings.warn(
C:\Users\meloy\PycharmProjects\spectral-select\.venv\Lib\site-packages\sklearn\neural_network\_multilayer_perceptron.py:785: ConvergenceWarning: Stochastic Optimizer: Maximum iterations (250) reached and the optimization hasn't converged yet.
  warnings.warn(
C:\Users\meloy\PycharmProjects\spectral-select\.venv\Lib\site-packages\sklearn\neural_network\_multilayer_perceptron.py:785: ConvergenceWarning: Stochastic Optimizer: Maximum iterations (250) reached and the optimization hasn't converged yet.
  warnings.warn(
C:\Users\meloy\PycharmProjects\spectral-select\.venv\Lib\site-packages\sklearn\neural_network\_multilayer_perceptron.py:785: ConvergenceWarning: Stochastic Optimizer: Maximum iterations (250) reached and the optimization hasn't converged yet.
  warnings.warn(
C:\Users\meloy\PycharmProjects\spectral-select\.venv\Lib\site-packages\sklearn\neural_network\_multilayer_perceptron.py:785: ConvergenceWarning: Stochastic Optimizer: Maximum iterations (250) reached and the optimization hasn't converged yet.
  warnings.warn(
C:\Users\meloy\PycharmProjects\spectral-select\.venv\Lib\site-packages\sklearn\neural_network\_multilayer_perceptron.py:785: ConvergenceWarning: Stochastic Optimizer: Maximum iterations (250) reached and the optimization hasn't converged yet.
  warnings.warn(
C:\Users\meloy\PycharmProjects\spectral-select\.venv\Lib\site-packages\sklearn\neural_network\_multilayer_perceptron.py:785: ConvergenceWarning: Stochastic Optimizer: Maximum iterations (250) reached and the optimization hasn't converged yet.
  warnings.warn(
C:\Users\meloy\PycharmProjects\spectral-select\.venv\Lib\site-packages\sklearn\neural_network\_multilayer_perceptron.py:785: ConvergenceWarning: Stochastic Optimizer: Maximum iterations (250) reached and the optimization hasn't converged yet.
  warnings.warn(
C:\Users\meloy\PycharmProjects\spectral-select\.venv\Lib\site-packages\sklearn\neural_network\_multilayer_perceptron.py:785: ConvergenceWarning: Stochastic Optimizer: Maximum iterations (250) reached and the optimization hasn't converged yet.
  warnings.warn(
C:\Users\meloy\PycharmProjects\spectral-select\.venv\Lib\site-packages\sklearn\neural_network\_multilayer_perceptron.py:785: ConvergenceWarning: Stochastic Optimizer: Maximum iterations (250) reached and the optimization hasn't converged yet.
  warnings.warn(
C:\Users\meloy\PycharmProjects\spectral-select\.venv\Lib\site-packages\sklearn\neural_network\_multilayer_perceptron.py:785: ConvergenceWarning: Stochastic Optimizer: Maximum iterations (250) reached and the optimization hasn't converged yet.
  warnings.warn(
C:\Users\meloy\PycharmProjects\spectral-select\.venv\Lib\site-packages\sklearn\neural_network\_multilayer_perceptron.py:785: ConvergenceWarning: Stochastic Optimizer: Maximum iterations (250) reached and the optimization hasn't converged yet.
  warnings.warn(
C:\Users\meloy\PycharmProjects\spectral-select\.venv\Lib\site-packages\sklearn\neural_network\_multilayer_perceptron.py:785: ConvergenceWarning: Stochastic Optimizer: Maximum iterations (250) reached and the optimization hasn't converged yet.
  warnings.warn(
C:\Users\meloy\PycharmProjects\spectral-select\.venv\Lib\site-packages\sklearn\neural_network\_multilayer_perceptron.py:785: ConvergenceWarning: Stochastic Optimizer: Maximum iterations (250) reached and the optimization hasn't converged yet.
  warnings.warn(
C:\Users\meloy\PycharmProjects\spectral-select\.venv\Lib\site-packages\sklearn\neural_network\_multilayer_perceptron.py:785: ConvergenceWarning: Stochastic Optimizer: Maximum iterations (250) reached and the optimization hasn't converged yet.
  warnings.warn(
C:\Users\meloy\PycharmProjects\spectral-select\.venv\Lib\site-packages\sklearn\neural_network\_multilayer_perceptron.py:785: ConvergenceWarning: Stochastic Optimizer: Maximum iterations (250) reached and the optimization hasn't converged yet.
  warnings.warn(
C:\Users\meloy\PycharmProjects\spectral-select\.venv\Lib\site-packages\sklearn\neural_network\_multilayer_perceptron.py:785: ConvergenceWarning: Stochastic Optimizer: Maximum iterations (250) reached and the optimization hasn't converged yet.
  warnings.warn(
C:\Users\meloy\PycharmProjects\spectral-select\.venv\Lib\site-packages\sklearn\neural_network\_multilayer_perceptron.py:785: ConvergenceWarning: Stochastic Optimizer: Maximum iterations (250) reached and the optimization hasn't converged yet.
  warnings.warn(
C:\Users\meloy\PycharmProjects\spectral-select\.venv\Lib\site-packages\sklearn\neural_network\_multilayer_perceptron.py:785: ConvergenceWarning: Stochastic Optimizer: Maximum iterations (250) reached and the optimization hasn't converged yet.
  warnings.warn(
C:\Users\meloy\PycharmProjects\spectral-select\.venv\Lib\site-packages\sklearn\neural_network\_multilayer_perceptron.py:785: ConvergenceWarning: Stochastic Optimizer: Maximum iterations (250) reached and the optimization hasn't converged yet.
  warnings.warn(
  labels/class= 25: full=0.571  PCA=0.528  AE=0.529  fewF-raw=0.534  fewF-den=0.536  AE+den=0.531  oracle*=0.579
            Δvs full: fewF-raw=-0.037 fewF-den=-0.035 AE+den=-0.040 | beats full: ['oracle*']
C:\Users\meloy\PycharmProjects\spectral-select\.venv\Lib\site-packages\sklearn\neural_network\_multilayer_perceptron.py:785: ConvergenceWarning: Stochastic Optimizer: Maximum iterations (250) reached and the optimization hasn't converged yet.
  warnings.warn(
C:\Users\meloy\PycharmProjects\spectral-select\.venv\Lib\site-packages\sklearn\neural_network\_multilayer_perceptron.py:785: ConvergenceWarning: Stochastic Optimizer: Maximum iterations (250) reached and the optimization hasn't converged yet.
  warnings.warn(
C:\Users\meloy\PycharmProjects\spectral-select\.venv\Lib\site-packages\sklearn\neural_network\_multilayer_perceptron.py:785: ConvergenceWarning: Stochastic Optimizer: Maximum iterations (250) reached and the optimization hasn't converged yet.
  warnings.warn(
C:\Users\meloy\PycharmProjects\spectral-select\.venv\Lib\site-packages\sklearn\neural_network\_multilayer_perceptron.py:785: ConvergenceWarning: Stochastic Optimizer: Maximum iterations (250) reached and the optimization hasn't converged yet.
  warnings.warn(
C:\Users\meloy\PycharmProjects\spectral-select\.venv\Lib\site-packages\sklearn\neural_network\_multilayer_perceptron.py:785: ConvergenceWarning: Stochastic Optimizer: Maximum iterations (250) reached and the optimization hasn't converged yet.
  warnings.warn(
C:\Users\meloy\PycharmProjects\spectral-select\.venv\Lib\site-packages\sklearn\neural_network\_multilayer_perceptron.py:785: ConvergenceWarning: Stochastic Optimizer: Maximum iterations (250) reached and the optimization hasn't converged yet.
  warnings.warn(
C:\Users\meloy\PycharmProjects\spectral-select\.venv\Lib\site-packages\sklearn\neural_network\_multilayer_perceptron.py:785: ConvergenceWarning: Stochastic Optimizer: Maximum iterations (250) reached and the optimization hasn't converged yet.
  warnings.warn(
C:\Users\meloy\PycharmProjects\spectral-select\.venv\Lib\site-packages\sklearn\neural_network\_multilayer_perceptron.py:785: ConvergenceWarning: Stochastic Optimizer: Maximum iterations (250) reached and the optimization hasn't converged yet.
  warnings.warn(
C:\Users\meloy\PycharmProjects\spectral-select\.venv\Lib\site-packages\sklearn\neural_network\_multilayer_perceptron.py:785: ConvergenceWarning: Stochastic Optimizer: Maximum iterations (250) reached and the optimization hasn't converged yet.
  warnings.warn(
C:\Users\meloy\PycharmProjects\spectral-select\.venv\Lib\site-packages\sklearn\neural_network\_multilayer_perceptron.py:785: ConvergenceWarning: Stochastic Optimizer: Maximum iterations (250) reached and the optimization hasn't converged yet.
  warnings.warn(
C:\Users\meloy\PycharmProjects\spectral-select\.venv\Lib\site-packages\sklearn\neural_network\_multilayer_perceptron.py:785: ConvergenceWarning: Stochastic Optimizer: Maximum iterations (250) reached and the optimization hasn't converged yet.
  warnings.warn(
C:\Users\meloy\PycharmProjects\spectral-select\.venv\Lib\site-packages\sklearn\neural_network\_multilayer_perceptron.py:785: ConvergenceWarning: Stochastic Optimizer: Maximum iterations (250) reached and the optimization hasn't converged yet.
  warnings.warn(
C:\Users\meloy\PycharmProjects\spectral-select\.venv\Lib\site-packages\sklearn\neural_network\_multilayer_perceptron.py:785: ConvergenceWarning: Stochastic Optimizer: Maximum iterations (250) reached and the optimization hasn't converged yet.
  warnings.warn(
C:\Users\meloy\PycharmProjects\spectral-select\.venv\Lib\site-packages\sklearn\neural_network\_multilayer_perceptron.py:785: ConvergenceWarning: Stochastic Optimizer: Maximum iterations (250) reached and the optimization hasn't converged yet.
  warnings.warn(
C:\Users\meloy\PycharmProjects\spectral-select\.venv\Lib\site-packages\sklearn\neural_network\_multilayer_perceptron.py:785: ConvergenceWarning: Stochastic Optimizer: Maximum iterations (250) reached and the optimization hasn't converged yet.
  warnings.warn(
C:\Users\meloy\PycharmProjects\spectral-select\.venv\Lib\site-packages\sklearn\neural_network\_multilayer_perceptron.py:785: ConvergenceWarning: Stochastic Optimizer: Maximum iterations (250) reached and the optimization hasn't converged yet.
  warnings.warn(
C:\Users\meloy\PycharmProjects\spectral-select\.venv\Lib\site-packages\sklearn\neural_network\_multilayer_perceptron.py:785: ConvergenceWarning: Stochastic Optimizer: Maximum iterations (250) reached and the optimization hasn't converged yet.
  warnings.warn(
C:\Users\meloy\PycharmProjects\spectral-select\.venv\Lib\site-packages\sklearn\neural_network\_multilayer_perceptron.py:785: ConvergenceWarning: Stochastic Optimizer: Maximum iterations (250) reached and the optimization hasn't converged yet.
  warnings.warn(
C:\Users\meloy\PycharmProjects\spectral-select\.venv\Lib\site-packages\sklearn\neural_network\_multilayer_perceptron.py:785: ConvergenceWarning: Stochastic Optimizer: Maximum iterations (250) reached and the optimization hasn't converged yet.
  warnings.warn(
C:\Users\meloy\PycharmProjects\spectral-select\.venv\Lib\site-packages\sklearn\neural_network\_multilayer_perceptron.py:785: ConvergenceWarning: Stochastic Optimizer: Maximum iterations (250) reached and the optimization hasn't converged yet.
  warnings.warn(
C:\Users\meloy\PycharmProjects\spectral-select\.venv\Lib\site-packages\sklearn\neural_network\_multilayer_perceptron.py:785: ConvergenceWarning: Stochastic Optimizer: Maximum iterations (250) reached and the optimization hasn't converged yet.
  warnings.warn(
C:\Users\meloy\PycharmProjects\spectral-select\.venv\Lib\site-packages\sklearn\neural_network\_multilayer_perceptron.py:785: ConvergenceWarning: Stochastic Optimizer: Maximum iterations (250) reached and the optimization hasn't converged yet.
  warnings.warn(
C:\Users\meloy\PycharmProjects\spectral-select\.venv\Lib\site-packages\sklearn\neural_network\_multilayer_perceptron.py:785: ConvergenceWarning: Stochastic Optimizer: Maximum iterations (250) reached and the optimization hasn't converged yet.
  warnings.warn(
C:\Users\meloy\PycharmProjects\spectral-select\.venv\Lib\site-packages\sklearn\neural_network\_multilayer_perceptron.py:785: ConvergenceWarning: Stochastic Optimizer: Maximum iterations (250) reached and the optimization hasn't converged yet.
  warnings.warn(
C:\Users\meloy\PycharmProjects\spectral-select\.venv\Lib\site-packages\sklearn\neural_network\_multilayer_perceptron.py:785: ConvergenceWarning: Stochastic Optimizer: Maximum iterations (250) reached and the optimization hasn't converged yet.
  warnings.warn(
C:\Users\meloy\PycharmProjects\spectral-select\.venv\Lib\site-packages\sklearn\neural_network\_multilayer_perceptron.py:785: ConvergenceWarning: Stochastic Optimizer: Maximum iterations (250) reached and the optimization hasn't converged yet.
  warnings.warn(
C:\Users\meloy\PycharmProjects\spectral-select\.venv\Lib\site-packages\sklearn\neural_network\_multilayer_perceptron.py:785: ConvergenceWarning: Stochastic Optimizer: Maximum iterations (250) reached and the optimization hasn't converged yet.
  warnings.warn(
C:\Users\meloy\PycharmProjects\spectral-select\.venv\Lib\site-packages\sklearn\neural_network\_multilayer_perceptron.py:785: ConvergenceWarning: Stochastic Optimizer: Maximum iterations (250) reached and the optimization hasn't converged yet.
  warnings.warn(
C:\Users\meloy\PycharmProjects\spectral-select\.venv\Lib\site-packages\sklearn\neural_network\_multilayer_perceptron.py:785: ConvergenceWarning: Stochastic Optimizer: Maximum iterations (250) reached and the optimization hasn't converged yet.
  warnings.warn(
C:\Users\meloy\PycharmProjects\spectral-select\.venv\Lib\site-packages\sklearn\neural_network\_multilayer_perceptron.py:785: ConvergenceWarning: Stochastic Optimizer: Maximum iterations (250) reached and the optimization hasn't converged yet.
  warnings.warn(
C:\Users\meloy\PycharmProjects\spectral-select\.venv\Lib\site-packages\sklearn\neural_network\_multilayer_perceptron.py:785: ConvergenceWarning: Stochastic Optimizer: Maximum iterations (250) reached and the optimization hasn't converged yet.
  warnings.warn(
C:\Users\meloy\PycharmProjects\spectral-select\.venv\Lib\site-packages\sklearn\neural_network\_multilayer_perceptron.py:785: ConvergenceWarning: Stochastic Optimizer: Maximum iterations (250) reached and the optimization hasn't converged yet.
  warnings.warn(
C:\Users\meloy\PycharmProjects\spectral-select\.venv\Lib\site-packages\sklearn\neural_network\_multilayer_perceptron.py:785: ConvergenceWarning: Stochastic Optimizer: Maximum iterations (250) reached and the optimization hasn't converged yet.
  warnings.warn(
C:\Users\meloy\PycharmProjects\spectral-select\.venv\Lib\site-packages\sklearn\neural_network\_multilayer_perceptron.py:785: ConvergenceWarning: Stochastic Optimizer: Maximum iterations (250) reached and the optimization hasn't converged yet.
  warnings.warn(
C:\Users\meloy\PycharmProjects\spectral-select\.venv\Lib\site-packages\sklearn\neural_network\_multilayer_perceptron.py:785: ConvergenceWarning: Stochastic Optimizer: Maximum iterations (250) reached and the optimization hasn't converged yet.
  warnings.warn(
C:\Users\meloy\PycharmProjects\spectral-select\.venv\Lib\site-packages\sklearn\neural_network\_multilayer_perceptron.py:785: ConvergenceWarning: Stochastic Optimizer: Maximum iterations (250) reached and the optimization hasn't converged yet.
  warnings.warn(
C:\Users\meloy\PycharmProjects\spectral-select\.venv\Lib\site-packages\sklearn\neural_network\_multilayer_perceptron.py:785: ConvergenceWarning: Stochastic Optimizer: Maximum iterations (250) reached and the optimization hasn't converged yet.
  warnings.warn(
C:\Users\meloy\PycharmProjects\spectral-select\.venv\Lib\site-packages\sklearn\neural_network\_multilayer_perceptron.py:785: ConvergenceWarning: Stochastic Optimizer: Maximum iterations (250) reached and the optimization hasn't converged yet.
  warnings.warn(
C:\Users\meloy\PycharmProjects\spectral-select\.venv\Lib\site-packages\sklearn\neural_network\_multilayer_perceptron.py:785: ConvergenceWarning: Stochastic Optimizer: Maximum iterations (250) reached and the optimization hasn't converged yet.
  warnings.warn(
C:\Users\meloy\PycharmProjects\spectral-select\.venv\Lib\site-packages\sklearn\neural_network\_multilayer_perceptron.py:785: ConvergenceWarning: Stochastic Optimizer: Maximum iterations (250) reached and the optimization hasn't converged yet.
  warnings.warn(
C:\Users\meloy\PycharmProjects\spectral-select\.venv\Lib\site-packages\sklearn\neural_network\_multilayer_perceptron.py:785: ConvergenceWarning: Stochastic Optimizer: Maximum iterations (250) reached and the optimization hasn't converged yet.
  warnings.warn(
C:\Users\meloy\PycharmProjects\spectral-select\.venv\Lib\site-packages\sklearn\neural_network\_multilayer_perceptron.py:785: ConvergenceWarning: Stochastic Optimizer: Maximum iterations (250) reached and the optimization hasn't converged yet.
  warnings.warn(
C:\Users\meloy\PycharmProjects\spectral-select\.venv\Lib\site-packages\sklearn\neural_network\_multilayer_perceptron.py:785: ConvergenceWarning: Stochastic Optimizer: Maximum iterations (250) reached and the optimization hasn't converged yet.
  warnings.warn(
C:\Users\meloy\PycharmProjects\spectral-select\.venv\Lib\site-packages\sklearn\neural_network\_multilayer_perceptron.py:785: ConvergenceWarning: Stochastic Optimizer: Maximum iterations (250) reached and the optimization hasn't converged yet.
  warnings.warn(
C:\Users\meloy\PycharmProjects\spectral-select\.venv\Lib\site-packages\sklearn\neural_network\_multilayer_perceptron.py:785: ConvergenceWarning: Stochastic Optimizer: Maximum iterations (250) reached and the optimization hasn't converged yet.
  warnings.warn(
C:\Users\meloy\PycharmProjects\spectral-select\.venv\Lib\site-packages\sklearn\neural_network\_multilayer_perceptron.py:785: ConvergenceWarning: Stochastic Optimizer: Maximum iterations (250) reached and the optimization hasn't converged yet.
  warnings.warn(
C:\Users\meloy\PycharmProjects\spectral-select\.venv\Lib\site-packages\sklearn\neural_network\_multilayer_perceptron.py:785: ConvergenceWarning: Stochastic Optimizer: Maximum iterations (250) reached and the optimization hasn't converged yet.
  warnings.warn(
C:\Users\meloy\PycharmProjects\spectral-select\.venv\Lib\site-packages\sklearn\neural_network\_multilayer_perceptron.py:785: ConvergenceWarning: Stochastic Optimizer: Maximum iterations (250) reached and the optimization hasn't converged yet.
  warnings.warn(
C:\Users\meloy\PycharmProjects\spectral-select\.venv\Lib\site-packages\sklearn\neural_network\_multilayer_perceptron.py:785: ConvergenceWarning: Stochastic Optimizer: Maximum iterations (250) reached and the optimization hasn't converged yet.
  warnings.warn(
C:\Users\meloy\PycharmProjects\spectral-select\.venv\Lib\site-packages\sklearn\neural_network\_multilayer_perceptron.py:785: ConvergenceWarning: Stochastic Optimizer: Maximum iterations (250) reached and the optimization hasn't converged yet.
  warnings.warn(
C:\Users\meloy\PycharmProjects\spectral-select\.venv\Lib\site-packages\sklearn\neural_network\_multilayer_perceptron.py:785: ConvergenceWarning: Stochastic Optimizer: Maximum iterations (250) reached and the optimization hasn't converged yet.
  warnings.warn(
C:\Users\meloy\PycharmProjects\spectral-select\.venv\Lib\site-packages\sklearn\neural_network\_multilayer_perceptron.py:785: ConvergenceWarning: Stochastic Optimizer: Maximum iterations (250) reached and the optimization hasn't converged yet.
  warnings.warn(
C:\Users\meloy\PycharmProjects\spectral-select\.venv\Lib\site-packages\sklearn\neural_network\_multilayer_perceptron.py:785: ConvergenceWarning: Stochastic Optimizer: Maximum iterations (250) reached and the optimization hasn't converged yet.
  warnings.warn(
C:\Users\meloy\PycharmProjects\spectral-select\.venv\Lib\site-packages\sklearn\neural_network\_multilayer_perceptron.py:785: ConvergenceWarning: Stochastic Optimizer: Maximum iterations (250) reached and the optimization hasn't converged yet.
  warnings.warn(
C:\Users\meloy\PycharmProjects\spectral-select\.venv\Lib\site-packages\sklearn\neural_network\_multilayer_perceptron.py:785: ConvergenceWarning: Stochastic Optimizer: Maximum iterations (250) reached and the optimization hasn't converged yet.
  warnings.warn(
C:\Users\meloy\PycharmProjects\spectral-select\.venv\Lib\site-packages\sklearn\neural_network\_multilayer_perceptron.py:785: ConvergenceWarning: Stochastic Optimizer: Maximum iterations (250) reached and the optimization hasn't converged yet.
  warnings.warn(
C:\Users\meloy\PycharmProjects\spectral-select\.venv\Lib\site-packages\sklearn\neural_network\_multilayer_perceptron.py:785: ConvergenceWarning: Stochastic Optimizer: Maximum iterations (250) reached and the optimization hasn't converged yet.
  warnings.warn(
C:\Users\meloy\PycharmProjects\spectral-select\.venv\Lib\site-packages\sklearn\neural_network\_multilayer_perceptron.py:785: ConvergenceWarning: Stochastic Optimizer: Maximum iterations (250) reached and the optimization hasn't converged yet.
  warnings.warn(
C:\Users\meloy\PycharmProjects\spectral-select\.venv\Lib\site-packages\sklearn\neural_network\_multilayer_perceptron.py:785: ConvergenceWarning: Stochastic Optimizer: Maximum iterations (250) reached and the optimization hasn't converged yet.
  warnings.warn(
C:\Users\meloy\PycharmProjects\spectral-select\.venv\Lib\site-packages\sklearn\neural_network\_multilayer_perceptron.py:785: ConvergenceWarning: Stochastic Optimizer: Maximum iterations (250) reached and the optimization hasn't converged yet.
  warnings.warn(
  labels/class= 40: full=0.677  PCA=0.610  AE=0.608  fewF-raw=0.612  fewF-den=0.615  AE+den=0.608  oracle*=0.658
            Δvs full: fewF-raw=-0.064 fewF-den=-0.062 AE+den=-0.068 | beats full: none

Goal: fewF-den (AE-denoised) beats full at a SMALLER label budget than fewF-raw => the AE
buys label efficiency. AE+den should be >= fewF-raw at every budget.
